key,rule,severity,component,project,line,hash,textRange,flows,status,message,effort,debt,author,tags,creationDate,updateDate,type,organization,cleanCodeAttribute,cleanCodeAttributeCategory,impacts,issueStatus,projectName
AZu02shqTfQp2-9q9XMz,javascript:S3504,CRITICAL,stephenfeather_sermon-browser:sb-includes/64.js,stephenfeather_sermon-browser,8.0,a790ab3a8896ae40f8d5bbd62d2334c5,"{'startLine': 8, 'endLine': 8, 'startOffset': 0, 'endOffset': 10}",[],OPEN,"Unexpected var, use let or const instead.",5min,5min,mark@sharonandmark.net,"['bad-practice', 'es2015']",2008-06-20T21:03:41+0000,2026-01-13T00:56:07+0000,CODE_SMELL,stephenfeather,CLEAR,INTENTIONAL,"[{'softwareQuality': 'MAINTAINABILITY', 'severity': 'HIGH'}]",OPEN,sermon-browser
AZu02shqTfQp2-9q9XM0,javascript:S3504,CRITICAL,stephenfeather_sermon-browser:sb-includes/64.js,stephenfeather_sermon-browser,15.0,63cf4231580a4540d74c22b1a1b6f962,"{'startLine': 15, 'endLine': 15, 'startOffset': 2, 'endOffset': 12}",[],OPEN,"Unexpected var, use let or const instead.",5min,5min,mark@sharonandmark.net,"['bad-practice', 'es2015']",2008-06-20T21:03:41+0000,2026-01-13T00:56:07+0000,CODE_SMELL,stephenfeather,CLEAR,INTENTIONAL,"[{'softwareQuality': 'MAINTAINABILITY', 'severity': 'HIGH'}]",OPEN,sermon-browser
AZu02shqTfQp2-9q9XM1,javascript:S3504,CRITICAL,stephenfeather_sermon-browser:sb-includes/64.js,stephenfeather_sermon-browser,16.0,218efbac46b33bd7ace50096c78c479b,"{'startLine': 16, 'endLine': 16, 'startOffset': 2, 'endOffset': 10}",[],OPEN,"Unexpected var, use let or const instead.",5min,5min,mark@sharonandmark.net,"['bad-practice', 'es2015']",2008-06-20T21:03:41+0000,2026-01-13T00:56:07+0000,CODE_SMELL,stephenfeather,CLEAR,INTENTIONAL,"[{'softwareQuality': 'MAINTAINABILITY', 'severity': 'HIGH'}]",OPEN,sermon-browser
AZu02shqTfQp2-9q9XM2,javascript:S3504,CRITICAL,stephenfeather_sermon-browser:sb-includes/64.js,stephenfeather_sermon-browser,17.0,01f6604c2bb1ac26ca47bd592d938784,"{'startLine': 17, 'endLine': 17, 'startOffset': 2, 'endOffset': 7}",[],OPEN,"Unexpected var, use let or const instead.",5min,5min,mark@sharonandmark.net,"['bad-practice', 'es2015']",2008-06-20T21:03:41+0000,2026-01-13T00:56:07+0000,CODE_SMELL,stephenfeather,CLEAR,INTENTIONAL,"[{'softwareQuality': 'MAINTAINABILITY', 'severity': 'HIGH'}]",OPEN,sermon-browser
AZu02shqTfQp2-9q9XM3,javascript:S7758,MINOR,stephenfeather_sermon-browser:sb-includes/64.js,stephenfeather_sermon-browser,23.0,a938fd0b44cd76479db279e31f1f64e4,"{'startLine': 23, 'endLine': 23, 'startOffset': 16, 'endOffset': 26}",[],OPEN,Prefer `String#codePointAt()` over `String#charCodeAt()`.,5min,5min,mark@sharonandmark.net,"['internationalization', 'unicode']",2008-06-20T21:03:41+0000,2026-01-13T00:56:07+0000,CODE_SMELL,stephenfeather,CONVENTIONAL,CONSISTENT,"[{'softwareQuality': 'RELIABILITY', 'severity': 'LOW'}, {'softwareQuality': 'MAINTAINABILITY', 'severity': 'LOW'}]",OPEN,sermon-browser
AZu02shqTfQp2-9q9XM4,javascript:S7758,MINOR,stephenfeather_sermon-browser:sb-includes/64.js,stephenfeather_sermon-browser,24.0,e3313764f7cb06bd78ae9f42e67ede3f,"{'startLine': 24, 'endLine': 24, 'startOffset': 16, 'endOffset': 26}",[],OPEN,Prefer `String#codePointAt()` over `String#charCodeAt()`.,5min,5min,mark@sharonandmark.net,"['internationalization', 'unicode']",2008-06-20T21:03:41+0000,2026-01-13T00:56:07+0000,CODE_SMELL,stephenfeather,CONVENTIONAL,CONSISTENT,"[{'softwareQuality': 'RELIABILITY', 'severity': 'LOW'}, {'softwareQuality': 'MAINTAINABILITY', 'severity': 'LOW'}]",OPEN,sermon-browser
AZu02shqTfQp2-9q9XM5,javascript:S7758,MINOR,stephenfeather_sermon-browser:sb-includes/64.js,stephenfeather_sermon-browser,25.0,4f2ca2ba101736d4ed63c817c722b58e,"{'startLine': 25, 'endLine': 25, 'startOffset': 16, 'endOffset': 26}",[],OPEN,Prefer `String#codePointAt()` over `String#charCodeAt()`.,5min,5min,mark@sharonandmark.net,"['internationalization', 'unicode']",2008-06-20T21:03:41+0000,2026-01-13T00:56:07+0000,CODE_SMELL,stephenfeather,CONVENTIONAL,CONSISTENT,"[{'softwareQuality': 'RELIABILITY', 'severity': 'LOW'}, {'softwareQuality': 'MAINTAINABILITY', 'severity': 'LOW'}]",OPEN,sermon-browser
AZu02shqTfQp2-9q9XM6,javascript:S7773,MINOR,stephenfeather_sermon-browser:sb-includes/64.js,stephenfeather_sermon-browser,32.0,af7b3cec99e2f9a9c344fa47e261b9fa,"{'startLine': 32, 'endLine': 32, 'startOffset': 7, 'endOffset': 12}",[],OPEN,Prefer `Number.isNaN` over `isNaN`.,2min,2min,mark@sharonandmark.net,"['convention', 'es2015']",2008-06-20T21:03:41+0000,2026-01-13T00:56:07+0000,CODE_SMELL,stephenfeather,CONVENTIONAL,CONSISTENT,"[{'softwareQuality': 'RELIABILITY', 'severity': 'MEDIUM'}, {'softwareQuality': 'MAINTAINABILITY', 'severity': 'LOW'}]",OPEN,sermon-browser
AZu02shqTfQp2-9q9XM7,javascript:S7773,MINOR,stephenfeather_sermon-browser:sb-includes/64.js,stephenfeather_sermon-browser,34.0,0345bb0efe762612a60f3420fbabf1dc,"{'startLine': 34, 'endLine': 34, 'startOffset': 14, 'endOffset': 19}",[],OPEN,Prefer `Number.isNaN` over `isNaN`.,2min,2min,mark@sharonandmark.net,"['convention', 'es2015']",2008-06-20T21:03:41+0000,2026-01-13T00:56:07+0000,CODE_SMELL,stephenfeather,CONVENTIONAL,CONSISTENT,"[{'softwareQuality': 'RELIABILITY', 'severity': 'MEDIUM'}, {'softwareQuality': 'MAINTAINABILITY', 'severity': 'LOW'}]",OPEN,sermon-browser
AZu02shqTfQp2-9q9XM8,javascript:S3504,CRITICAL,stephenfeather_sermon-browser:sb-includes/64.js,stephenfeather_sermon-browser,49.0,63cf4231580a4540d74c22b1a1b6f962,"{'startLine': 49, 'endLine': 49, 'startOffset': 2, 'endOffset': 12}",[],OPEN,"Unexpected var, use let or const instead.",5min,5min,mark@sharonandmark.net,"['bad-practice', 'es2015']",2008-06-20T21:03:41+0000,2026-01-13T00:56:07+0000,CODE_SMELL,stephenfeather,CLEAR,INTENTIONAL,"[{'softwareQuality': 'MAINTAINABILITY', 'severity': 'HIGH'}]",OPEN,sermon-browser
AZu02shqTfQp2-9q9XM9,javascript:S3504,CRITICAL,stephenfeather_sermon-browser:sb-includes/64.js,stephenfeather_sermon-browser,50.0,1d88b68b84aff35835cbe24d6aeaace0,"{'startLine': 50, 'endLine': 50, 'startOffset': 2, 'endOffset': 10}",[],OPEN,"Unexpected var, use let or const instead.",5min,5min,mark@sharonandmark.net,"['bad-practice', 'es2015']",2008-06-20T21:03:41+0000,2026-01-13T00:56:07+0000,CODE_SMELL,stephenfeather,CLEAR,INTENTIONAL,"[{'softwareQuality': 'MAINTAINABILITY', 'severity': 'HIGH'}]",OPEN,sermon-browser
AZu02shqTfQp2-9q9XM-,javascript:S3504,CRITICAL,stephenfeather_sermon-browser:sb-includes/64.js,stephenfeather_sermon-browser,51.0,de4fa9147e88fce3d7a8131bcc3a3949,"{'startLine': 51, 'endLine': 51, 'startOffset': 2, 'endOffset': 10}",[],OPEN,"Unexpected var, use let or const instead.",5min,5min,mark@sharonandmark.net,"['bad-practice', 'es2015']",2008-06-20T21:03:41+0000,2026-01-13T00:56:07+0000,CODE_SMELL,stephenfeather,CLEAR,INTENTIONAL,"[{'softwareQuality': 'MAINTAINABILITY', 'severity': 'HIGH'}]",OPEN,sermon-browser
AZu02shqTfQp2-9q9XM_,javascript:S3504,CRITICAL,stephenfeather_sermon-browser:sb-includes/64.js,stephenfeather_sermon-browser,52.0,01f6604c2bb1ac26ca47bd592d938784,"{'startLine': 52, 'endLine': 52, 'startOffset': 2, 'endOffset': 7}",[],OPEN,"Unexpected var, use let or const instead.",5min,5min,mark@sharonandmark.net,"['bad-practice', 'es2015']",2008-06-20T21:03:41+0000,2026-01-13T00:56:07+0000,CODE_SMELL,stephenfeather,CLEAR,INTENTIONAL,"[{'softwareQuality': 'MAINTAINABILITY', 'severity': 'HIGH'}]",OPEN,sermon-browser
AZu02shqTfQp2-9q9XNA,javascript:S7781,MINOR,stephenfeather_sermon-browser:sb-includes/64.js,stephenfeather_sermon-browser,54.0,5a6fed15da8f8f16a6a4e3124f50d136,"{'startLine': 54, 'endLine': 54, 'startOffset': 16, 'endOffset': 23}",[],OPEN,Prefer `String#replaceAll()` over `String#replace()`.,5min,5min,mark@sharonandmark.net,"['es2021', 'readability']",2008-06-20T21:03:41+0000,2026-01-13T00:56:07+0000,CODE_SMELL,stephenfeather,CLEAR,INTENTIONAL,"[{'softwareQuality': 'RELIABILITY', 'severity': 'LOW'}, {'softwareQuality': 'MAINTAINABILITY', 'severity': 'LOW'}]",OPEN,sermon-browser
AZu02shqTfQp2-9q9XNB,javascript:S6535,MAJOR,stephenfeather_sermon-browser:sb-includes/64.js,stephenfeather_sermon-browser,54.0,5a6fed15da8f8f16a6a4e3124f50d136,"{'startLine': 54, 'endLine': 54, 'startOffset': 36, 'endOffset': 37}",[],OPEN,Unnecessary escape character: \+.,5min,5min,mark@sharonandmark.net,[],2008-06-20T21:03:41+0000,2026-01-13T00:56:07+0000,CODE_SMELL,stephenfeather,CLEAR,INTENTIONAL,"[{'softwareQuality': 'MAINTAINABILITY', 'severity': 'MEDIUM'}]",OPEN,sermon-browser
AZu02shqTfQp2-9q9XNC,javascript:S6535,MAJOR,stephenfeather_sermon-browser:sb-includes/64.js,stephenfeather_sermon-browser,54.0,5a6fed15da8f8f16a6a4e3124f50d136,"{'startLine': 54, 'endLine': 54, 'startOffset': 38, 'endOffset': 39}",[],OPEN,Unnecessary escape character: \/.,5min,5min,mark@sharonandmark.net,[],2008-06-20T21:03:41+0000,2026-01-13T00:56:07+0000,CODE_SMELL,stephenfeather,CLEAR,INTENTIONAL,"[{'softwareQuality': 'MAINTAINABILITY', 'severity': 'MEDIUM'}]",OPEN,sermon-browser
AZu02shqTfQp2-9q9XND,javascript:S6535,MAJOR,stephenfeather_sermon-browser:sb-includes/64.js,stephenfeather_sermon-browser,54.0,5a6fed15da8f8f16a6a4e3124f50d136,"{'startLine': 54, 'endLine': 54, 'startOffset': 40, 'endOffset': 41}",[],OPEN,Unnecessary escape character: \=.,5min,5min,mark@sharonandmark.net,[],2008-06-20T21:03:41+0000,2026-01-13T00:56:07+0000,CODE_SMELL,stephenfeather,CLEAR,INTENTIONAL,"[{'softwareQuality': 'MAINTAINABILITY', 'severity': 'MEDIUM'}]",OPEN,sermon-browser
AZu02shqTfQp2-9q9XNE,javascript:S7758,MINOR,stephenfeather_sermon-browser:sb-includes/64.js,stephenfeather_sermon-browser,67.0,443a5bac3453c2299a8940d546b5a06d,"{'startLine': 67, 'endLine': 67, 'startOffset': 28, 'endOffset': 40}",[],OPEN,Prefer `String.fromCodePoint()` over `String.fromCharCode()`.,5min,5min,mark@sharonandmark.net,"['internationalization', 'unicode']",2008-06-20T21:03:41+0000,2026-01-13T00:56:07+0000,CODE_SMELL,stephenfeather,CONVENTIONAL,CONSISTENT,"[{'softwareQuality': 'RELIABILITY', 'severity': 'LOW'}, {'softwareQuality': 'MAINTAINABILITY', 'severity': 'LOW'}]",OPEN,sermon-browser
AZu02shqTfQp2-9q9XNF,javascript:S7758,MINOR,stephenfeather_sermon-browser:sb-includes/64.js,stephenfeather_sermon-browser,70.0,00a423f18c72bca27fc9abec44d1a1f8,"{'startLine': 70, 'endLine': 70, 'startOffset': 29, 'endOffset': 41}",[],OPEN,Prefer `String.fromCodePoint()` over `String.fromCharCode()`.,5min,5min,mark@sharonandmark.net,"['internationalization', 'unicode']",2008-06-20T21:03:41+0000,2026-01-13T00:56:07+0000,CODE_SMELL,stephenfeather,CONVENTIONAL,CONSISTENT,"[{'softwareQuality': 'RELIABILITY', 'severity': 'LOW'}, {'softwareQuality': 'MAINTAINABILITY', 'severity': 'LOW'}]",OPEN,sermon-browser
AZu02shqTfQp2-9q9XNG,javascript:S7758,MINOR,stephenfeather_sermon-browser:sb-includes/64.js,stephenfeather_sermon-browser,73.0,b744e7d71d83781b41794703a80346ea,"{'startLine': 73, 'endLine': 73, 'startOffset': 29, 'endOffset': 41}",[],OPEN,Prefer `String.fromCodePoint()` over `String.fromCharCode()`.,5min,5min,mark@sharonandmark.net,"['internationalization', 'unicode']",2008-06-20T21:03:41+0000,2026-01-13T00:56:07+0000,CODE_SMELL,stephenfeather,CONVENTIONAL,CONSISTENT,"[{'softwareQuality': 'RELIABILITY', 'severity': 'LOW'}, {'softwareQuality': 'MAINTAINABILITY', 'severity': 'LOW'}]",OPEN,sermon-browser
AZu02shqTfQp2-9q9XNH,javascript:S7781,MINOR,stephenfeather_sermon-browser:sb-includes/64.js,stephenfeather_sermon-browser,86.0,4f14e96daf6d37208fe7e3cac7698984,"{'startLine': 86, 'endLine': 86, 'startOffset': 18, 'endOffset': 25}",[],OPEN,Prefer `String#replaceAll()` over `String#replace()`.,5min,5min,mark@sharonandmark.net,"['es2021', 'readability']",2008-06-20T21:03:41+0000,2026-01-13T00:56:07+0000,CODE_SMELL,stephenfeather,CLEAR,INTENTIONAL,"[{'softwareQuality': 'RELIABILITY', 'severity': 'LOW'}, {'softwareQuality': 'MAINTAINABILITY', 'severity': 'LOW'}]",OPEN,sermon-browser
AZu02shqTfQp2-9q9XNI,javascript:S3504,CRITICAL,stephenfeather_sermon-browser:sb-includes/64.js,stephenfeather_sermon-browser,87.0,8a41069d3f4ef6cd9ee52ca46baf7085,"{'startLine': 87, 'endLine': 87, 'startOffset': 2, 'endOffset': 13}",[],OPEN,"Unexpected var, use let or const instead.",5min,5min,mark@sharonandmark.net,"['bad-practice', 'es2015']",2008-06-20T21:03:41+0000,2026-01-13T00:56:07+0000,CODE_SMELL,stephenfeather,CLEAR,INTENTIONAL,"[{'softwareQuality': 'MAINTAINABILITY', 'severity': 'HIGH'}]",OPEN,sermon-browser
AZu02shqTfQp2-9q9XNJ,javascript:S3504,CRITICAL,stephenfeather_sermon-browser:sb-includes/64.js,stephenfeather_sermon-browser,89.0,bf5e33f8413a606bd62a688c6ca28f70,"{'startLine': 89, 'endLine': 89, 'startOffset': 7, 'endOffset': 12}",[],OPEN,"Unexpected var, use let or const instead.",5min,5min,mark@sharonandmark.net,"['bad-practice', 'es2015']",2008-06-20T21:03:41+0000,2026-01-13T00:56:07+0000,CODE_SMELL,stephenfeather,CLEAR,INTENTIONAL,"[{'softwareQuality': 'MAINTAINABILITY', 'severity': 'HIGH'}]",OPEN,sermon-browser
AZu02shqTfQp2-9q9XNK,javascript:S3504,CRITICAL,stephenfeather_sermon-browser:sb-includes/64.js,stephenfeather_sermon-browser,91.0,a89e859b592cc317221ca47d37be78f5,"{'startLine': 91, 'endLine': 91, 'startOffset': 3, 'endOffset': 8}",[],OPEN,"Unexpected var, use let or const instead.",5min,5min,mark@sharonandmark.net,"['bad-practice', 'es2015']",2008-06-20T21:03:41+0000,2026-01-13T00:56:07+0000,CODE_SMELL,stephenfeather,CLEAR,INTENTIONAL,"[{'softwareQuality': 'MAINTAINABILITY', 'severity': 'HIGH'}]",OPEN,sermon-browser
AZu02shqTfQp2-9q9XNL,javascript:S7758,MINOR,stephenfeather_sermon-browser:sb-includes/64.js,stephenfeather_sermon-browser,91.0,a89e859b592cc317221ca47d37be78f5,"{'startLine': 91, 'endLine': 91, 'startOffset': 18, 'endOffset': 28}",[],OPEN,Prefer `String#codePointAt()` over `String#charCodeAt()`.,5min,5min,mark@sharonandmark.net,"['internationalization', 'unicode']",2008-06-20T21:03:41+0000,2026-01-13T00:56:07+0000,CODE_SMELL,stephenfeather,CONVENTIONAL,CONSISTENT,"[{'softwareQuality': 'RELIABILITY', 'severity': 'LOW'}, {'softwareQuality': 'MAINTAINABILITY', 'severity': 'LOW'}]",OPEN,sermon-browser
AZu02shqTfQp2-9q9XNM,javascript:S7758,MINOR,stephenfeather_sermon-browser:sb-includes/64.js,stephenfeather_sermon-browser,94.0,1d2204955b74026c111a1250c79a7e9a,"{'startLine': 94, 'endLine': 94, 'startOffset': 22, 'endOffset': 34}",[],OPEN,Prefer `String.fromCodePoint()` over `String.fromCharCode()`.,5min,5min,mark@sharonandmark.net,"['internationalization', 'unicode']",2008-06-20T21:03:41+0000,2026-01-13T00:56:07+0000,CODE_SMELL,stephenfeather,CONVENTIONAL,CONSISTENT,"[{'softwareQuality': 'RELIABILITY', 'severity': 'LOW'}, {'softwareQuality': 'MAINTAINABILITY', 'severity': 'LOW'}]",OPEN,sermon-browser
AZu02shqTfQp2-9q9XNN,javascript:S7758,MINOR,stephenfeather_sermon-browser:sb-includes/64.js,stephenfeather_sermon-browser,97.0,6e5ce04fe2f01e993fc61890f916a5cb,"{'startLine': 97, 'endLine': 97, 'startOffset': 22, 'endOffset': 34}",[],OPEN,Prefer `String.fromCodePoint()` over `String.fromCharCode()`.,5min,5min,mark@sharonandmark.net,"['internationalization', 'unicode']",2008-06-20T21:03:41+0000,2026-01-13T00:56:07+0000,CODE_SMELL,stephenfeather,CONVENTIONAL,CONSISTENT,"[{'softwareQuality': 'RELIABILITY', 'severity': 'LOW'}, {'softwareQuality': 'MAINTAINABILITY', 'severity': 'LOW'}]",OPEN,sermon-browser
AZu02shqTfQp2-9q9XNO,javascript:S7758,MINOR,stephenfeather_sermon-browser:sb-includes/64.js,stephenfeather_sermon-browser,98.0,b03a0520fb8d297067f602059e62f750,"{'startLine': 98, 'endLine': 98, 'startOffset': 22, 'endOffset': 34}",[],OPEN,Prefer `String.fromCodePoint()` over `String.fromCharCode()`.,5min,5min,mark@sharonandmark.net,"['internationalization', 'unicode']",2008-06-20T21:03:41+0000,2026-01-13T00:56:07+0000,CODE_SMELL,stephenfeather,CONVENTIONAL,CONSISTENT,"[{'softwareQuality': 'RELIABILITY', 'severity': 'LOW'}, {'softwareQuality': 'MAINTAINABILITY', 'severity': 'LOW'}]",OPEN,sermon-browser
AZu02shqTfQp2-9q9XNP,javascript:S7758,MINOR,stephenfeather_sermon-browser:sb-includes/64.js,stephenfeather_sermon-browser,101.0,7d26af97dd38263126a9c89abed29527,"{'startLine': 101, 'endLine': 101, 'startOffset': 22, 'endOffset': 34}",[],OPEN,Prefer `String.fromCodePoint()` over `String.fromCharCode()`.,5min,5min,mark@sharonandmark.net,"['internationalization', 'unicode']",2008-06-20T21:03:41+0000,2026-01-13T00:56:07+0000,CODE_SMELL,stephenfeather,CONVENTIONAL,CONSISTENT,"[{'softwareQuality': 'RELIABILITY', 'severity': 'LOW'}, {'softwareQuality': 'MAINTAINABILITY', 'severity': 'LOW'}]",OPEN,sermon-browser
AZu02shqTfQp2-9q9XNQ,javascript:S7758,MINOR,stephenfeather_sermon-browser:sb-includes/64.js,stephenfeather_sermon-browser,102.0,dc61f7eb7426cc98b3f4263dcdbb1579,"{'startLine': 102, 'endLine': 102, 'startOffset': 22, 'endOffset': 34}",[],OPEN,Prefer `String.fromCodePoint()` over `String.fromCharCode()`.,5min,5min,mark@sharonandmark.net,"['internationalization', 'unicode']",2008-06-20T21:03:41+0000,2026-01-13T00:56:07+0000,CODE_SMELL,stephenfeather,CONVENTIONAL,CONSISTENT,"[{'softwareQuality': 'RELIABILITY', 'severity': 'LOW'}, {'softwareQuality': 'MAINTAINABILITY', 'severity': 'LOW'}]",OPEN,sermon-browser
AZu02shqTfQp2-9q9XNR,javascript:S7758,MINOR,stephenfeather_sermon-browser:sb-includes/64.js,stephenfeather_sermon-browser,103.0,b03a0520fb8d297067f602059e62f750,"{'startLine': 103, 'endLine': 103, 'startOffset': 22, 'endOffset': 34}",[],OPEN,Prefer `String.fromCodePoint()` over `String.fromCharCode()`.,5min,5min,mark@sharonandmark.net,"['internationalization', 'unicode']",2008-06-20T21:03:41+0000,2026-01-13T00:56:07+0000,CODE_SMELL,stephenfeather,CONVENTIONAL,CONSISTENT,"[{'softwareQuality': 'RELIABILITY', 'severity': 'LOW'}, {'softwareQuality': 'MAINTAINABILITY', 'severity': 'LOW'}]",OPEN,sermon-browser
AZu02shqTfQp2-9q9XNS,javascript:S3504,CRITICAL,stephenfeather_sermon-browser:sb-includes/64.js,stephenfeather_sermon-browser,113.0,30f8cc6a1bd40f6a4c8016d6976f7c38,"{'startLine': 113, 'endLine': 113, 'startOffset': 2, 'endOffset': 12}",[],OPEN,"Unexpected var, use let or const instead.",5min,5min,mark@sharonandmark.net,"['bad-practice', 'es2015']",2008-06-20T21:03:41+0000,2026-01-13T00:56:07+0000,CODE_SMELL,stephenfeather,CLEAR,INTENTIONAL,"[{'softwareQuality': 'MAINTAINABILITY', 'severity': 'HIGH'}]",OPEN,sermon-browser
AZu02shqTfQp2-9q9XNT,javascript:S3504,CRITICAL,stephenfeather_sermon-browser:sb-includes/64.js,stephenfeather_sermon-browser,114.0,01f6604c2bb1ac26ca47bd592d938784,"{'startLine': 114, 'endLine': 114, 'startOffset': 2, 'endOffset': 7}",[],OPEN,"Unexpected var, use let or const instead.",5min,5min,mark@sharonandmark.net,"['bad-practice', 'es2015']",2008-06-20T21:03:41+0000,2026-01-13T00:56:07+0000,CODE_SMELL,stephenfeather,CLEAR,INTENTIONAL,"[{'softwareQuality': 'MAINTAINABILITY', 'severity': 'HIGH'}]",OPEN,sermon-browser
AZu02shqTfQp2-9q9XNU,javascript:S3504,CRITICAL,stephenfeather_sermon-browser:sb-includes/64.js,stephenfeather_sermon-browser,115.0,7fd459d7dba18bcc53a6185183b7497a,"{'startLine': 115, 'endLine': 115, 'startOffset': 2, 'endOffset': 7}",[],OPEN,"Unexpected var, use let or const instead.",5min,5min,mark@sharonandmark.net,"['bad-practice', 'es2015']",2008-06-20T21:03:41+0000,2026-01-13T00:56:07+0000,CODE_SMELL,stephenfeather,CLEAR,INTENTIONAL,"[{'softwareQuality': 'MAINTAINABILITY', 'severity': 'HIGH'}]",OPEN,sermon-browser
AZu02shqTfQp2-9q9XNV,javascript:S2703,BLOCKER,stephenfeather_sermon-browser:sb-includes/64.js,stephenfeather_sermon-browser,115.0,7fd459d7dba18bcc53a6185183b7497a,"{'startLine': 115, 'endLine': 115, 'startOffset': 10, 'endOffset': 12}",[],OPEN,"Add the ""let"", ""const"" or ""var"" keyword to this declaration of ""c1"" to make it explicit.",2min,2min,mark@sharonandmark.net,['pitfall'],2008-06-20T21:03:41+0000,2026-01-13T00:56:07+0000,CODE_SMELL,stephenfeather,CLEAR,INTENTIONAL,"[{'softwareQuality': 'MAINTAINABILITY', 'severity': 'BLOCKER'}]",OPEN,sermon-browser
AZu02shqTfQp2-9q9XNW,javascript:S2703,BLOCKER,stephenfeather_sermon-browser:sb-includes/64.js,stephenfeather_sermon-browser,115.0,7fd459d7dba18bcc53a6185183b7497a,"{'startLine': 115, 'endLine': 115, 'startOffset': 15, 'endOffset': 17}",[],OPEN,"Add the ""let"", ""const"" or ""var"" keyword to this declaration of ""c2"" to make it explicit.",2min,2min,mark@sharonandmark.net,['pitfall'],2008-06-20T21:03:41+0000,2026-01-13T00:56:07+0000,CODE_SMELL,stephenfeather,CLEAR,INTENTIONAL,"[{'softwareQuality': 'MAINTAINABILITY', 'severity': 'BLOCKER'}]",OPEN,sermon-browser
AZu02shqTfQp2-9q9XNX,javascript:S7758,MINOR,stephenfeather_sermon-browser:sb-includes/64.js,stephenfeather_sermon-browser,119.0,5a20cf74d73a3133041e653b4be4eda5,"{'startLine': 119, 'endLine': 119, 'startOffset': 15, 'endOffset': 25}",[],OPEN,Prefer `String#codePointAt()` over `String#charCodeAt()`.,5min,5min,mark@sharonandmark.net,"['internationalization', 'unicode']",2008-06-20T21:03:41+0000,2026-01-13T00:56:07+0000,CODE_SMELL,stephenfeather,CONVENTIONAL,CONSISTENT,"[{'softwareQuality': 'RELIABILITY', 'severity': 'LOW'}, {'softwareQuality': 'MAINTAINABILITY', 'severity': 'LOW'}]",OPEN,sermon-browser
AZu02shqTfQp2-9q9XNY,javascript:S7758,MINOR,stephenfeather_sermon-browser:sb-includes/64.js,stephenfeather_sermon-browser,122.0,5f050fdcc0584bd0c64ee4119a42f33e,"{'startLine': 122, 'endLine': 122, 'startOffset': 21, 'endOffset': 33}",[],OPEN,Prefer `String.fromCodePoint()` over `String.fromCharCode()`.,5min,5min,mark@sharonandmark.net,"['internationalization', 'unicode']",2008-06-20T21:03:41+0000,2026-01-13T00:56:07+0000,CODE_SMELL,stephenfeather,CONVENTIONAL,CONSISTENT,"[{'softwareQuality': 'RELIABILITY', 'severity': 'LOW'}, {'softwareQuality': 'MAINTAINABILITY', 'severity': 'LOW'}]",OPEN,sermon-browser
AZu02shqTfQp2-9q9XNZ,javascript:S7758,MINOR,stephenfeather_sermon-browser:sb-includes/64.js,stephenfeather_sermon-browser,126.0,1f564983f617908efed44b4c6fe4ff8b,"{'startLine': 126, 'endLine': 126, 'startOffset': 17, 'endOffset': 27}",[],OPEN,Prefer `String#codePointAt()` over `String#charCodeAt()`.,5min,5min,mark@sharonandmark.net,"['internationalization', 'unicode']",2008-06-20T21:03:41+0000,2026-01-13T00:56:07+0000,CODE_SMELL,stephenfeather,CONVENTIONAL,CONSISTENT,"[{'softwareQuality': 'RELIABILITY', 'severity': 'LOW'}, {'softwareQuality': 'MAINTAINABILITY', 'severity': 'LOW'}]",OPEN,sermon-browser
AZu02shqTfQp2-9q9XNa,javascript:S7758,MINOR,stephenfeather_sermon-browser:sb-includes/64.js,stephenfeather_sermon-browser,127.0,a15b6f4f116d356b70fd45e66521bbaf,"{'startLine': 127, 'endLine': 127, 'startOffset': 21, 'endOffset': 33}",[],OPEN,Prefer `String.fromCodePoint()` over `String.fromCharCode()`.,5min,5min,mark@sharonandmark.net,"['internationalization', 'unicode']",2008-06-20T21:03:41+0000,2026-01-13T00:56:07+0000,CODE_SMELL,stephenfeather,CONVENTIONAL,CONSISTENT,"[{'softwareQuality': 'RELIABILITY', 'severity': 'LOW'}, {'softwareQuality': 'MAINTAINABILITY', 'severity': 'LOW'}]",OPEN,sermon-browser
AZu02shqTfQp2-9q9XNb,javascript:S7758,MINOR,stephenfeather_sermon-browser:sb-includes/64.js,stephenfeather_sermon-browser,131.0,1f564983f617908efed44b4c6fe4ff8b,"{'startLine': 131, 'endLine': 131, 'startOffset': 17, 'endOffset': 27}",[],OPEN,Prefer `String#codePointAt()` over `String#charCodeAt()`.,5min,5min,mark@sharonandmark.net,"['internationalization', 'unicode']",2008-06-20T21:03:41+0000,2026-01-13T00:56:07+0000,CODE_SMELL,stephenfeather,CONVENTIONAL,CONSISTENT,"[{'softwareQuality': 'RELIABILITY', 'severity': 'LOW'}, {'softwareQuality': 'MAINTAINABILITY', 'severity': 'LOW'}]",OPEN,sermon-browser
AZu02shqTfQp2-9q9XNc,javascript:S2703,BLOCKER,stephenfeather_sermon-browser:sb-includes/64.js,stephenfeather_sermon-browser,132.0,cb93c1e17a2476c79af7e0114674931a,"{'startLine': 132, 'endLine': 132, 'startOffset': 4, 'endOffset': 6}",[],OPEN,"Add the ""let"", ""const"" or ""var"" keyword to this declaration of ""c3"" to make it explicit.",2min,2min,mark@sharonandmark.net,['pitfall'],2008-06-20T21:03:41+0000,2026-01-13T00:56:07+0000,CODE_SMELL,stephenfeather,CLEAR,INTENTIONAL,"[{'softwareQuality': 'MAINTAINABILITY', 'severity': 'BLOCKER'}]",OPEN,sermon-browser
AZu02shqTfQp2-9q9XNd,javascript:S7758,MINOR,stephenfeather_sermon-browser:sb-includes/64.js,stephenfeather_sermon-browser,132.0,cb93c1e17a2476c79af7e0114674931a,"{'startLine': 132, 'endLine': 132, 'startOffset': 17, 'endOffset': 27}",[],OPEN,Prefer `String#codePointAt()` over `String#charCodeAt()`.,5min,5min,mark@sharonandmark.net,"['internationalization', 'unicode']",2008-06-20T21:03:41+0000,2026-01-13T00:56:07+0000,CODE_SMELL,stephenfeather,CONVENTIONAL,CONSISTENT,"[{'softwareQuality': 'RELIABILITY', 'severity': 'LOW'}, {'softwareQuality': 'MAINTAINABILITY', 'severity': 'LOW'}]",OPEN,sermon-browser
AZu02shqTfQp2-9q9XNe,javascript:S7758,MINOR,stephenfeather_sermon-browser:sb-includes/64.js,stephenfeather_sermon-browser,133.0,15fb5b5574142d5f1211ff2554597b65,"{'startLine': 133, 'endLine': 133, 'startOffset': 21, 'endOffset': 33}",[],OPEN,Prefer `String.fromCodePoint()` over `String.fromCharCode()`.,5min,5min,mark@sharonandmark.net,"['internationalization', 'unicode']",2008-06-20T21:03:41+0000,2026-01-13T00:56:07+0000,CODE_SMELL,stephenfeather,CONVENTIONAL,CONSISTENT,"[{'softwareQuality': 'RELIABILITY', 'severity': 'LOW'}, {'softwareQuality': 'MAINTAINABILITY', 'severity': 'LOW'}]",OPEN,sermon-browser
AZu02sjLTfQp2-9q9XQv,javascript:S7764,MINOR,stephenfeather_sermon-browser:sb-includes/datePicker.js,stephenfeather_sermon-browser,16.0,23ab9edefa8cd0d18628ca785a6cc336,"{'startLine': 16, 'endLine': 16, 'startOffset': 8, 'endOffset': 14}",[],OPEN,Prefer `globalThis` over `window`.,2min,2min,mark@sharonandmark.net,"['es2020', 'portability']",2008-06-20T21:03:41+0000,2026-01-13T00:56:07+0000,CODE_SMELL,stephenfeather,CONVENTIONAL,CONSISTENT,"[{'softwareQuality': 'MAINTAINABILITY', 'severity': 'LOW'}]",OPEN,sermon-browser
AZu02sjLTfQp2-9q9XQw,javascript:S7764,MINOR,stephenfeather_sermon-browser:sb-includes/datePicker.js,stephenfeather_sermon-browser,16.0,23ab9edefa8cd0d18628ca785a6cc336,"{'startLine': 16, 'endLine': 16, 'startOffset': 39, 'endOffset': 45}",[],OPEN,Prefer `globalThis` over `window`.,2min,2min,mark@sharonandmark.net,"['es2020', 'portability']",2008-06-20T21:03:41+0000,2026-01-13T00:56:07+0000,CODE_SMELL,stephenfeather,CONVENTIONAL,CONSISTENT,"[{'softwareQuality': 'MAINTAINABILITY', 'severity': 'LOW'}]",OPEN,sermon-browser
AZu02sjLTfQp2-9q9XQx,javascript:S3504,CRITICAL,stephenfeather_sermon-browser:sb-includes/datePicker.js,stephenfeather_sermon-browser,18.0,a83550215acd9a647c8ac0098a03c369,"{'startLine': 18, 'endLine': 18, 'startOffset': 4, 'endOffset': 14}",[],OPEN,"Unexpected var, use let or const instead.",5min,5min,mark@sharonandmark.net,"['bad-practice', 'es2015']",2008-06-20T21:03:41+0000,2026-01-13T00:56:07+0000,CODE_SMELL,stephenfeather,CLEAR,INTENTIONAL,"[{'softwareQuality': 'MAINTAINABILITY', 'severity': 'HIGH'}]",OPEN,sermon-browser
AZu02sjLTfQp2-9q9XQy,javascript:S3504,CRITICAL,stephenfeather_sermon-browser:sb-includes/datePicker.js,stephenfeather_sermon-browser,19.0,56b722eeb20da0ee812eeff80e159746,"{'startLine': 19, 'endLine': 19, 'startOffset': 4, 'endOffset': 12}",[],OPEN,"Unexpected var, use let or const instead.",5min,5min,mark@sharonandmark.net,"['bad-practice', 'es2015']",2008-06-20T21:03:41+0000,2026-01-13T00:56:07+0000,CODE_SMELL,stephenfeather,CLEAR,INTENTIONAL,"[{'softwareQuality': 'MAINTAINABILITY', 'severity': 'HIGH'}]",OPEN,sermon-browser
AZu02sjLTfQp2-9q9XQz,javascript:S3504,CRITICAL,stephenfeather_sermon-browser:sb-includes/datePicker.js,stephenfeather_sermon-browser,20.0,7173d75051d5f8ebaa576f1aac5045b9,"{'startLine': 20, 'endLine': 20, 'startOffset': 4, 'endOffset': 16}",[],OPEN,"Unexpected var, use let or const instead.",5min,5min,mark@sharonandmark.net,"['bad-practice', 'es2015']",2008-06-20T21:03:41+0000,2026-01-13T00:56:07+0000,CODE_SMELL,stephenfeather,CLEAR,INTENTIONAL,"[{'softwareQuality': 'MAINTAINABILITY', 'severity': 'HIGH'}]",OPEN,sermon-browser
AZu02sjLTfQp2-9q9XQ0,javascript:S3504,CRITICAL,stephenfeather_sermon-browser:sb-includes/datePicker.js,stephenfeather_sermon-browser,21.0,f06a9439f47f3224fe514df860a0ff68,"{'startLine': 21, 'endLine': 21, 'startOffset': 4, 'endOffset': 18}",[],OPEN,"Unexpected var, use let or const instead.",5min,5min,mark@sharonandmark.net,"['bad-practice', 'es2015']",2008-06-20T21:03:41+0000,2026-01-13T00:56:07+0000,CODE_SMELL,stephenfeather,CLEAR,INTENTIONAL,"[{'softwareQuality': 'MAINTAINABILITY', 'severity': 'HIGH'}]",OPEN,sermon-browser
AZu02sjLTfQp2-9q9XQ1,javascript:S3504,CRITICAL,stephenfeather_sermon-browser:sb-includes/datePicker.js,stephenfeather_sermon-browser,22.0,08a7dfbba1e267ef42988dfcfab7616a,"{'startLine': 22, 'endLine': 22, 'startOffset': 4, 'endOffset': 21}",[],OPEN,"Unexpected var, use let or const instead.",5min,5min,mark@sharonandmark.net,"['bad-practice', 'es2015']",2008-06-20T21:03:41+0000,2026-01-13T00:56:07+0000,CODE_SMELL,stephenfeather,CLEAR,INTENTIONAL,"[{'softwareQuality': 'MAINTAINABILITY', 'severity': 'HIGH'}]",OPEN,sermon-browser
AZu02sjLTfQp2-9q9XQ2,javascript:S3504,CRITICAL,stephenfeather_sermon-browser:sb-includes/datePicker.js,stephenfeather_sermon-browser,23.0,48c3ca376cea83a3ade70f4339bb98ae,"{'startLine': 23, 'endLine': 23, 'startOffset': 4, 'endOffset': 21}",[],OPEN,"Unexpected var, use let or const instead.",5min,5min,mark@sharonandmark.net,"['bad-practice', 'es2015']",2008-06-20T21:03:41+0000,2026-01-13T00:56:07+0000,CODE_SMELL,stephenfeather,CLEAR,INTENTIONAL,"[{'softwareQuality': 'MAINTAINABILITY', 'severity': 'HIGH'}]",OPEN,sermon-browser
AZu02sjLTfQp2-9q9XQ3,javascript:S3504,CRITICAL,stephenfeather_sermon-browser:sb-includes/datePicker.js,stephenfeather_sermon-browser,24.0,874d93c3247333d6b9b85b67ad13c484,"{'startLine': 24, 'endLine': 24, 'startOffset': 4, 'endOffset': 23}",[],OPEN,"Unexpected var, use let or const instead.",5min,5min,mark@sharonandmark.net,"['bad-practice', 'es2015']",2008-06-20T21:03:41+0000,2026-01-13T00:56:07+0000,CODE_SMELL,stephenfeather,CLEAR,INTENTIONAL,"[{'softwareQuality': 'MAINTAINABILITY', 'severity': 'HIGH'}]",OPEN,sermon-browser
AZu02sjLTfQp2-9q9XQ4,javascript:S3504,CRITICAL,stephenfeather_sermon-browser:sb-includes/datePicker.js,stephenfeather_sermon-browser,25.0,e7b0772958e941ca259c6189bf22d536,"{'startLine': 25, 'endLine': 25, 'startOffset': 4, 'endOffset': 18}",[],OPEN,"Unexpected var, use let or const instead.",5min,5min,mark@sharonandmark.net,"['bad-practice', 'es2015']",2008-06-20T21:03:41+0000,2026-01-13T00:56:07+0000,CODE_SMELL,stephenfeather,CLEAR,INTENTIONAL,"[{'softwareQuality': 'MAINTAINABILITY', 'severity': 'HIGH'}]",OPEN,sermon-browser
AZu02sjLTfQp2-9q9XQ5,javascript:S3504,CRITICAL,stephenfeather_sermon-browser:sb-includes/datePicker.js,stephenfeather_sermon-browser,26.0,d06435d1aced4f8d972643bea1bcd9c7,"{'startLine': 26, 'endLine': 26, 'startOffset': 4, 'endOffset': 17}",[],OPEN,"Unexpected var, use let or const instead.",5min,5min,mark@sharonandmark.net,"['bad-practice', 'es2015']",2008-06-20T21:03:41+0000,2026-01-13T00:56:07+0000,CODE_SMELL,stephenfeather,CLEAR,INTENTIONAL,"[{'softwareQuality': 'MAINTAINABILITY', 'severity': 'HIGH'}]",OPEN,sermon-browser
AZu02sjLTfQp2-9q9XQ6,javascript:S3504,CRITICAL,stephenfeather_sermon-browser:sb-includes/datePicker.js,stephenfeather_sermon-browser,28.0,fcbd57da5e3baa4b3e937e8140c9d9e2,"{'startLine': 28, 'endLine': 28, 'startOffset': 4, 'endOffset': 21}",[],OPEN,"Unexpected var, use let or const instead.",5min,5min,mark@sharonandmark.net,"['bad-practice', 'es2015']",2008-06-20T21:03:41+0000,2026-01-13T00:56:07+0000,CODE_SMELL,stephenfeather,CLEAR,INTENTIONAL,"[{'softwareQuality': 'MAINTAINABILITY', 'severity': 'HIGH'}]",OPEN,sermon-browser
AZu02sjLTfQp2-9q9XQ7,javascript:S3504,CRITICAL,stephenfeather_sermon-browser:sb-includes/datePicker.js,stephenfeather_sermon-browser,29.0,d3e6d5945e00023ab7ff8f3c796f2ff0,"{'startLine': 29, 'endLine': 29, 'startOffset': 4, 'endOffset': 16}",[],OPEN,"Unexpected var, use let or const instead.",5min,5min,mark@sharonandmark.net,"['bad-practice', 'es2015']",2008-06-20T21:03:41+0000,2026-01-13T00:56:07+0000,CODE_SMELL,stephenfeather,CLEAR,INTENTIONAL,"[{'softwareQuality': 'MAINTAINABILITY', 'severity': 'HIGH'}]",OPEN,sermon-browser
AZu02sjLTfQp2-9q9XQ8,javascript:S3504,CRITICAL,stephenfeather_sermon-browser:sb-includes/datePicker.js,stephenfeather_sermon-browser,31.0,52ab75242e25330f8299db9e92035dea,"{'startLine': 31, 'endLine': 31, 'startOffset': 4, 'endOffset': 16}",[],OPEN,"Unexpected var, use let or const instead.",5min,5min,mark@sharonandmark.net,"['bad-practice', 'es2015']",2008-06-20T21:03:41+0000,2026-01-13T00:56:07+0000,CODE_SMELL,stephenfeather,CLEAR,INTENTIONAL,"[{'softwareQuality': 'MAINTAINABILITY', 'severity': 'HIGH'}]",OPEN,sermon-browser
AZu02sjLTfQp2-9q9XQ9,javascript:S3504,CRITICAL,stephenfeather_sermon-browser:sb-includes/datePicker.js,stephenfeather_sermon-browser,32.0,87db0f7d958d88ca5fdd56bfc8933ff1,"{'startLine': 32, 'endLine': 32, 'startOffset': 8, 'endOffset': 13}",[],OPEN,"Unexpected var, use let or const instead.",5min,5min,mark@sharonandmark.net,"['bad-practice', 'es2015']",2008-06-20T21:03:41+0000,2026-01-13T00:56:07+0000,CODE_SMELL,stephenfeather,CLEAR,INTENTIONAL,"[{'softwareQuality': 'MAINTAINABILITY', 'severity': 'HIGH'}]",OPEN,sermon-browser
AZu02sjLTfQp2-9q9XQ-,javascript:S125,MAJOR,stephenfeather_sermon-browser:sb-includes/datePicker.js,stephenfeather_sermon-browser,34.0,45fa803513ee8b918dd51516c4a91c55,"{'startLine': 34, 'endLine': 34, 'startOffset': 8, 'endOffset': 66}",[],OPEN,Remove this commented out code.,5min,5min,mark@sharonandmark.net,['unused'],2008-06-20T21:03:41+0000,2026-01-13T00:56:07+0000,CODE_SMELL,stephenfeather,CLEAR,INTENTIONAL,"[{'softwareQuality': 'MAINTAINABILITY', 'severity': 'MEDIUM'}]",OPEN,sermon-browser
AZu02sjLTfQp2-9q9XQ_,javascript:S3504,CRITICAL,stephenfeather_sermon-browser:sb-includes/datePicker.js,stephenfeather_sermon-browser,36.0,99a345b9e556875036dcf5f3d3ec054b,"{'startLine': 36, 'endLine': 36, 'startOffset': 4, 'endOffset': 18}",[],OPEN,"Unexpected var, use let or const instead.",5min,5min,mark@sharonandmark.net,"['bad-practice', 'es2015']",2008-06-20T21:03:41+0000,2026-01-13T00:56:07+0000,CODE_SMELL,stephenfeather,CLEAR,INTENTIONAL,"[{'softwareQuality': 'MAINTAINABILITY', 'severity': 'HIGH'}]",OPEN,sermon-browser
AZu02sjLTfQp2-9q9XRA,javascript:S2703,BLOCKER,stephenfeather_sermon-browser:sb-includes/datePicker.js,stephenfeather_sermon-browser,40.0,79525940694f5550f6f7be45da4e7967,"{'startLine': 40, 'endLine': 40, 'startOffset': 16, 'endOffset': 22}",[],OPEN,"Add the ""let"", ""const"" or ""var"" keyword to this declaration of ""dParts"" to make it explicit.",2min,2min,mark@sharonandmark.net,['pitfall'],2008-06-20T21:03:41+0000,2026-01-13T00:56:07+0000,CODE_SMELL,stephenfeather,CLEAR,INTENTIONAL,"[{'softwareQuality': 'MAINTAINABILITY', 'severity': 'BLOCKER'}]",OPEN,sermon-browser
AZu02sjLTfQp2-9q9XRB,javascript:S3504,CRITICAL,stephenfeather_sermon-browser:sb-includes/datePicker.js,stephenfeather_sermon-browser,47.0,d2f5e61bb648b307156e0fd4a9c07c6e,"{'startLine': 47, 'endLine': 47, 'startOffset': 21, 'endOffset': 26}",[],OPEN,"Unexpected var, use let or const instead.",5min,5min,mark@sharonandmark.net,"['bad-practice', 'es2015']",2008-06-20T21:03:41+0000,2026-01-13T00:56:07+0000,CODE_SMELL,stephenfeather,CLEAR,INTENTIONAL,"[{'softwareQuality': 'MAINTAINABILITY', 'severity': 'HIGH'}]",OPEN,sermon-browser
AZu02sjLTfQp2-9q9XRC,javascript:S1874,MINOR,stephenfeather_sermon-browser:sb-includes/datePicker.js,stephenfeather_sermon-browser,48.0,1af48f2a65061a54eb51f84b92628604,"{'startLine': 48, 'endLine': 48, 'startOffset': 61, 'endOffset': 67}",[],OPEN,"The signature '(from: number, length?: number): string' of 'months.m.substr' is deprecated.",15min,15min,mark@sharonandmark.net,"['cwe', 'obsolete', 'type-dependent']",2008-06-20T21:03:41+0000,2026-01-13T00:56:07+0000,CODE_SMELL,stephenfeather,CONVENTIONAL,CONSISTENT,"[{'softwareQuality': 'MAINTAINABILITY', 'severity': 'LOW'}]",OPEN,sermon-browser
AZu02sjLTfQp2-9q9XRD,javascript:S3504,CRITICAL,stephenfeather_sermon-browser:sb-includes/datePicker.js,stephenfeather_sermon-browser,55.0,9d39cf1d709150765e239c49d6d9122e,"{'startLine': 55, 'endLine': 55, 'startOffset': 16, 'endOffset': 25}",[],OPEN,"Unexpected var, use let or const instead.",5min,5min,mark@sharonandmark.net,"['bad-practice', 'es2015']",2008-06-20T21:03:41+0000,2026-01-13T00:56:07+0000,CODE_SMELL,stephenfeather,CLEAR,INTENTIONAL,"[{'softwareQuality': 'MAINTAINABILITY', 'severity': 'HIGH'}]",OPEN,sermon-browser
AZu02sjLTfQp2-9q9XRE,javascript:S1854,MAJOR,stephenfeather_sermon-browser:sb-includes/datePicker.js,stephenfeather_sermon-browser,55.0,9d39cf1d709150765e239c49d6d9122e,"{'startLine': 55, 'endLine': 55, 'startOffset': 20, 'endOffset': 25}",[],OPEN,"Remove this useless assignment to variable ""parts"".",1min,1min,mark@sharonandmark.net,"['cwe', 'unused']",2008-06-20T21:03:41+0000,2026-01-13T00:56:07+0000,CODE_SMELL,stephenfeather,LOGICAL,INTENTIONAL,"[{'softwareQuality': 'MAINTAINABILITY', 'severity': 'MEDIUM'}]",OPEN,sermon-browser
AZu02sjLTfQp2-9q9XRF,javascript:S6644,MINOR,stephenfeather_sermon-browser:sb-includes/datePicker.js,stephenfeather_sermon-browser,55.0,9d39cf1d709150765e239c49d6d9122e,"{'startLine': 55, 'endLine': 55, 'startOffset': 28, 'endOffset': 53}",[],OPEN,Unnecessary use of conditional expression for default assignment.,5min,5min,mark@sharonandmark.net,[],2008-06-20T21:03:41+0000,2026-01-13T00:56:07+0000,CODE_SMELL,stephenfeather,CLEAR,INTENTIONAL,"[{'softwareQuality': 'MAINTAINABILITY', 'severity': 'LOW'}]",OPEN,sermon-browser
AZu02sjLTfQp2-9q9XRG,javascript:S3504,CRITICAL,stephenfeather_sermon-browser:sb-includes/datePicker.js,stephenfeather_sermon-browser,60.0,062a51da1d3bd1a2d4c42db7a9035dab,"{'startLine': 60, 'endLine': 60, 'startOffset': 4, 'endOffset': 18}",[],OPEN,"Unexpected var, use let or const instead.",5min,5min,mark@sharonandmark.net,"['bad-practice', 'es2015']",2008-06-20T21:03:41+0000,2026-01-13T00:56:07+0000,CODE_SMELL,stephenfeather,CLEAR,INTENTIONAL,"[{'softwareQuality': 'MAINTAINABILITY', 'severity': 'HIGH'}]",OPEN,sermon-browser
AZu02sjLTfQp2-9q9XRH,javascript:S3504,CRITICAL,stephenfeather_sermon-browser:sb-includes/datePicker.js,stephenfeather_sermon-browser,62.0,ff96041d152f9bd90fc4a06ac60c1e36,"{'startLine': 62, 'endLine': 62, 'startOffset': 8, 'endOffset': 14}",[],OPEN,"Unexpected var, use let or const instead.",5min,5min,mark@sharonandmark.net,"['bad-practice', 'es2015']",2008-06-20T21:03:41+0000,2026-01-13T00:56:07+0000,CODE_SMELL,stephenfeather,CLEAR,INTENTIONAL,"[{'softwareQuality': 'MAINTAINABILITY', 'severity': 'HIGH'}]",OPEN,sermon-browser
AZu02sjLTfQp2-9q9XRI,javascript:S3504,CRITICAL,stephenfeather_sermon-browser:sb-includes/datePicker.js,stephenfeather_sermon-browser,63.0,a9c4447501f06e1697ed92136a648710,"{'startLine': 63, 'endLine': 63, 'startOffset': 8, 'endOffset': 14}",[],OPEN,"Unexpected var, use let or const instead.",5min,5min,mark@sharonandmark.net,"['bad-practice', 'es2015']",2008-06-20T21:03:41+0000,2026-01-13T00:56:07+0000,CODE_SMELL,stephenfeather,CLEAR,INTENTIONAL,"[{'softwareQuality': 'MAINTAINABILITY', 'severity': 'HIGH'}]",OPEN,sermon-browser
AZu02sjLTfQp2-9q9XRJ,javascript:S3504,CRITICAL,stephenfeather_sermon-browser:sb-includes/datePicker.js,stephenfeather_sermon-browser,64.0,2c4f7a339d8a2c1c852cc09e47d95e26,"{'startLine': 64, 'endLine': 64, 'startOffset': 8, 'endOffset': 14}",[],OPEN,"Unexpected var, use let or const instead.",5min,5min,mark@sharonandmark.net,"['bad-practice', 'es2015']",2008-06-20T21:03:41+0000,2026-01-13T00:56:07+0000,CODE_SMELL,stephenfeather,CLEAR,INTENTIONAL,"[{'softwareQuality': 'MAINTAINABILITY', 'severity': 'HIGH'}]",OPEN,sermon-browser
AZu02sjLTfQp2-9q9XRK,javascript:S1874,MINOR,stephenfeather_sermon-browser:sb-includes/datePicker.js,stephenfeather_sermon-browser,71.0,f352ae51a63a83ba6091d829df62b0c8,"{'startLine': 71, 'endLine': 71, 'startOffset': 65, 'endOffset': 71}",[],OPEN,"'(from: number, length?: number): string' is deprecated.",15min,15min,mark@sharonandmark.net,"['cwe', 'obsolete', 'type-dependent']",2008-06-20T21:03:41+0000,2026-01-13T00:56:07+0000,CODE_SMELL,stephenfeather,CONVENTIONAL,CONSISTENT,"[{'softwareQuality': 'MAINTAINABILITY', 'severity': 'LOW'}]",OPEN,sermon-browser
AZu02sjLTfQp2-9q9XRL,javascript:S3504,CRITICAL,stephenfeather_sermon-browser:sb-includes/datePicker.js,stephenfeather_sermon-browser,78.0,96b2e8a4f562e713866f5f2d1e383284,"{'startLine': 78, 'endLine': 78, 'startOffset': 4, 'endOffset': 23}",[],OPEN,"Unexpected var, use let or const instead.",5min,5min,mark@sharonandmark.net,"['bad-practice', 'es2015']",2008-06-20T21:03:41+0000,2026-01-13T00:56:07+0000,CODE_SMELL,stephenfeather,CLEAR,INTENTIONAL,"[{'softwareQuality': 'MAINTAINABILITY', 'severity': 'HIGH'}]",OPEN,sermon-browser
AZu02sjLTfQp2-9q9XRM,javascript:S3776,CRITICAL,stephenfeather_sermon-browser:sb-includes/datePicker.js,stephenfeather_sermon-browser,78.0,96b2e8a4f562e713866f5f2d1e383284,"{'startLine': 78, 'endLine': 78, 'startOffset': 26, 'endOffset': 34}","[{'locations': [{'component': 'stephenfeather_sermon-browser:sb-includes/datePicker.js', 'textRange': {'startLine': 81, 'endLine': 81, 'startOffset': 8, 'endOffset': 10}, 'msg': '+1'}]}, {'locations': [{'component': 'stephenfeather_sermon-browser:sb-includes/datePicker.js', 'textRange': {'startLine': 84, 'endLine': 84, 'startOffset': 10, 'endOffset': 14}, 'msg': '+1'}]}, {'locations': [{'component': 'stephenfeather_sermon-browser:sb-includes/datePicker.js', 'textRange': {'startLine': 90, 'endLine': 90, 'startOffset': 8, 'endOffset': 10}, 'msg': '+1'}]}, {'locations': [{'component': 'stephenfeather_sermon-browser:sb-includes/datePicker.js', 'textRange': {'startLine': 90, 'endLine': 90, 'startOffset': 50, 'endOffset': 52}, 'msg': '+1'}]}, {'locations': [{'component': 'stephenfeather_sermon-browser:sb-includes/datePicker.js', 'textRange': {'startLine': 92, 'endLine': 92, 'startOffset': 15, 'endOffset': 17}, 'msg': '+1'}]}, {'locations': [{'component': 'stephenfeather_sermon-browser:sb-includes/datePicker.js', 'textRange': {'startLine': 92, 'endLine': 92, 'startOffset': 56, 'endOffset': 58}, 'msg': '+1'}]}, {'locations': [{'component': 'stephenfeather_sermon-browser:sb-includes/datePicker.js', 'textRange': {'startLine': 102, 'endLine': 102, 'startOffset': 8, 'endOffset': 10}, 'msg': '+1'}]}, {'locations': [{'component': 'stephenfeather_sermon-browser:sb-includes/datePicker.js', 'textRange': {'startLine': 102, 'endLine': 102, 'startOffset': 52, 'endOffset': 54}, 'msg': '+1'}]}, {'locations': [{'component': 'stephenfeather_sermon-browser:sb-includes/datePicker.js', 'textRange': {'startLine': 105, 'endLine': 105, 'startOffset': 46, 'endOffset': 47}, 'msg': '+2 (incl. 1 for nesting)'}]}, {'locations': [{'component': 'stephenfeather_sermon-browser:sb-includes/datePicker.js', 'textRange': {'startLine': 117, 'endLine': 117, 'startOffset': 8, 'endOffset': 10}, 'msg': '+1'}]}, {'locations': [{'component': 'stephenfeather_sermon-browser:sb-includes/datePicker.js', 'textRange': {'startLine': 117, 'endLine': 117, 'startOffset': 51, 'endOffset': 53}, 'msg': '+1'}]}, {'locations': [{'component': 'stephenfeather_sermon-browser:sb-includes/datePicker.js', 'textRange': {'startLine': 139, 'endLine': 139, 'startOffset': 8, 'endOffset': 11}, 'msg': '+1'}]}, {'locations': [{'component': 'stephenfeather_sermon-browser:sb-includes/datePicker.js', 'textRange': {'startLine': 143, 'endLine': 143, 'startOffset': 120, 'endOffset': 121}, 'msg': '+2 (incl. 1 for nesting)'}]}, {'locations': [{'component': 'stephenfeather_sermon-browser:sb-includes/datePicker.js', 'textRange': {'startLine': 151, 'endLine': 151, 'startOffset': 8, 'endOffset': 10}, 'msg': '+1'}]}, {'locations': [{'component': 'stephenfeather_sermon-browser:sb-includes/datePicker.js', 'textRange': {'startLine': 154, 'endLine': 154, 'startOffset': 57, 'endOffset': 59}, 'msg': '+1'}]}, {'locations': [{'component': 'stephenfeather_sermon-browser:sb-includes/datePicker.js', 'textRange': {'startLine': 157, 'endLine': 157, 'startOffset': 8, 'endOffset': 13}, 'msg': '+1'}]}, {'locations': [{'component': 'stephenfeather_sermon-browser:sb-includes/datePicker.js', 'textRange': {'startLine': 159, 'endLine': 159, 'startOffset': 12, 'endOffset': 15}, 'msg': '+2 (incl. 1 for nesting)'}]}, {'locations': [{'component': 'stephenfeather_sermon-browser:sb-includes/datePicker.js', 'textRange': {'startLine': 161, 'endLine': 161, 'startOffset': 66, 'endOffset': 67}, 'msg': '+3 (incl. 2 for nesting)'}]}, {'locations': [{'component': 'stephenfeather_sermon-browser:sb-includes/datePicker.js', 'textRange': {'startLine': 163, 'endLine': 163, 'startOffset': 16, 'endOffset': 18}, 'msg': '+3 (incl. 2 for nesting)'}]}, {'locations': [{'component': 'stephenfeather_sermon-browser:sb-includes/datePicker.js', 'textRange': {'startLine': 165, 'endLine': 165, 'startOffset': 23, 'endOffset': 25}, 'msg': '+1'}]}, {'locations': [{'component': 'stephenfeather_sermon-browser:sb-includes/datePicker.js', 'textRange': {'startLine': 165, 'endLine': 165, 'startOffset': 38, 'endOffset': 40}, 'msg': '+1'}]}, {'locations': [{'component': 'stephenfeather_sermon-browser:sb-includes/datePicker.js', 'textRange': {'startLine': 168, 'endLine': 168, 'startOffset': 23, 'endOffset': 25}, 'msg': '+1'}]}, {'locations': [{'component': 'stephenfeather_sermon-browser:sb-includes/datePicker.js', 'textRange': {'startLine': 171, 'endLine': 171, 'startOffset': 18, 'endOffset': 22}, 'msg': '+1'}]}, {'locations': [{'component': 'stephenfeather_sermon-browser:sb-includes/datePicker.js', 'textRange': {'startLine': 168, 'endLine': 168, 'startOffset': 38, 'endOffset': 40}, 'msg': '+1'}]}, {'locations': [{'component': 'stephenfeather_sermon-browser:sb-includes/datePicker.js', 'textRange': {'startLine': 179, 'endLine': 179, 'startOffset': 20, 'endOffset': 22}, 'msg': '+4 (incl. 3 for nesting)'}]}, {'locations': [{'component': 'stephenfeather_sermon-browser:sb-includes/datePicker.js', 'textRange': {'startLine': 179, 'endLine': 179, 'startOffset': 38, 'endOffset': 40}, 'msg': '+1'}]}, {'locations': [{'component': 'stephenfeather_sermon-browser:sb-includes/datePicker.js', 'textRange': {'startLine': 184, 'endLine': 184, 'startOffset': 16, 'endOffset': 18}, 'msg': '+3 (incl. 2 for nesting)'}]}, {'locations': [{'component': 'stephenfeather_sermon-browser:sb-includes/datePicker.js', 'textRange': {'startLine': 184, 'endLine': 184, 'startOffset': 30, 'endOffset': 32}, 'msg': '+1'}]}, {'locations': [{'component': 'stephenfeather_sermon-browser:sb-includes/datePicker.js', 'textRange': {'startLine': 198, 'endLine': 198, 'startOffset': 8, 'endOffset': 10}, 'msg': '+1'}]}]",OPEN,Refactor this function to reduce its Cognitive Complexity from 41 to the 15 allowed.,31min,31min,mark@sharonandmark.net,['brain-overload'],2008-06-20T21:03:41+0000,2026-01-13T00:56:07+0000,CODE_SMELL,stephenfeather,FOCUSED,ADAPTABLE,"[{'softwareQuality': 'MAINTAINABILITY', 'severity': 'HIGH'}]",OPEN,sermon-browser
AZu02sjLTfQp2-9q9XRN,javascript:S3504,CRITICAL,stephenfeather_sermon-browser:sb-includes/datePicker.js,stephenfeather_sermon-browser,80.0,853a0fee501cf731d506cb8c782fab26,"{'startLine': 80, 'endLine': 80, 'startOffset': 8, 'endOffset': 17}",[],OPEN,"Unexpected var, use let or const instead.",5min,5min,mark@sharonandmark.net,"['bad-practice', 'es2015']",2008-06-20T21:03:41+0000,2026-01-13T00:56:07+0000,CODE_SMELL,stephenfeather,CLEAR,INTENTIONAL,"[{'softwareQuality': 'MAINTAINABILITY', 'severity': 'HIGH'}]",OPEN,sermon-browser
AZu02sjLTfQp2-9q9XRO,javascript:S2703,BLOCKER,stephenfeather_sermon-browser:sb-includes/datePicker.js,stephenfeather_sermon-browser,83.0,c40a18c30438b23792715fba34f0c007,"{'startLine': 83, 'endLine': 83, 'startOffset': 12, 'endOffset': 13}",[],OPEN,"Add the ""let"", ""const"" or ""var"" keyword to this declaration of ""d"" to make it explicit.",2min,2min,mark@sharonandmark.net,['pitfall'],2008-06-20T21:03:41+0000,2026-01-13T00:56:07+0000,CODE_SMELL,stephenfeather,CLEAR,INTENTIONAL,"[{'softwareQuality': 'MAINTAINABILITY', 'severity': 'BLOCKER'}]",OPEN,sermon-browser
AZu02sjLTfQp2-9q9XRP,javascript:S3504,CRITICAL,stephenfeather_sermon-browser:sb-includes/datePicker.js,stephenfeather_sermon-browser,96.0,c5240100cdc74b08d79d9b8d39cf8d59,"{'startLine': 96, 'endLine': 96, 'startOffset': 8, 'endOffset': 19}",[],OPEN,"Unexpected var, use let or const instead.",5min,5min,mark@sharonandmark.net,"['bad-practice', 'es2015']",2008-06-20T21:03:41+0000,2026-01-13T00:56:07+0000,CODE_SMELL,stephenfeather,CLEAR,INTENTIONAL,"[{'softwareQuality': 'MAINTAINABILITY', 'severity': 'HIGH'}]",OPEN,sermon-browser
AZu02sjLTfQp2-9q9XRQ,javascript:S3504,CRITICAL,stephenfeather_sermon-browser:sb-includes/datePicker.js,stephenfeather_sermon-browser,97.0,e696e671f1f03e2422e07353da421d49,"{'startLine': 97, 'endLine': 97, 'startOffset': 8, 'endOffset': 22}",[],OPEN,"Unexpected var, use let or const instead.",5min,5min,mark@sharonandmark.net,"['bad-practice', 'es2015']",2008-06-20T21:03:41+0000,2026-01-13T00:56:07+0000,CODE_SMELL,stephenfeather,CLEAR,INTENTIONAL,"[{'softwareQuality': 'MAINTAINABILITY', 'severity': 'HIGH'}]",OPEN,sermon-browser
AZu02sjLTfQp2-9q9XRR,javascript:S3504,CRITICAL,stephenfeather_sermon-browser:sb-includes/datePicker.js,stephenfeather_sermon-browser,98.0,ff2bd4e54eb83154681479281aec8173,"{'startLine': 98, 'endLine': 98, 'startOffset': 8, 'endOffset': 21}",[],OPEN,"Unexpected var, use let or const instead.",5min,5min,mark@sharonandmark.net,"['bad-practice', 'es2015']",2008-06-20T21:03:41+0000,2026-01-13T00:56:07+0000,CODE_SMELL,stephenfeather,CLEAR,INTENTIONAL,"[{'softwareQuality': 'MAINTAINABILITY', 'severity': 'HIGH'}]",OPEN,sermon-browser
AZu02sjLTfQp2-9q9XRS,javascript:S3504,CRITICAL,stephenfeather_sermon-browser:sb-includes/datePicker.js,stephenfeather_sermon-browser,101.0,098500c00cfa786b9933017422728e50,"{'startLine': 101, 'endLine': 101, 'startOffset': 8, 'endOffset': 23}",[],OPEN,"Unexpected var, use let or const instead.",5min,5min,mark@sharonandmark.net,"['bad-practice', 'es2015']",2008-06-20T21:03:41+0000,2026-01-13T00:56:07+0000,CODE_SMELL,stephenfeather,CLEAR,INTENTIONAL,"[{'softwareQuality': 'MAINTAINABILITY', 'severity': 'HIGH'}]",OPEN,sermon-browser
AZu02sjLTfQp2-9q9XRT,javascript:S3504,CRITICAL,stephenfeather_sermon-browser:sb-includes/datePicker.js,stephenfeather_sermon-browser,105.0,8c85e813631302e3ff68278d932c5310,"{'startLine': 105, 'endLine': 105, 'startOffset': 12, 'endOffset': 25}",[],OPEN,"Unexpected var, use let or const instead.",5min,5min,mark@sharonandmark.net,"['bad-practice', 'es2015']",2008-06-20T21:03:41+0000,2026-01-13T00:56:07+0000,CODE_SMELL,stephenfeather,CLEAR,INTENTIONAL,"[{'softwareQuality': 'MAINTAINABILITY', 'severity': 'HIGH'}]",OPEN,sermon-browser
AZu02sjLTfQp2-9q9XRU,javascript:S3504,CRITICAL,stephenfeather_sermon-browser:sb-includes/datePicker.js,stephenfeather_sermon-browser,106.0,1025f3f812c3e510a71056c4bdbd8213,"{'startLine': 106, 'endLine': 106, 'startOffset': 12, 'endOffset': 24}",[],OPEN,"Unexpected var, use let or const instead.",5min,5min,mark@sharonandmark.net,"['bad-practice', 'es2015']",2008-06-20T21:03:41+0000,2026-01-13T00:56:07+0000,CODE_SMELL,stephenfeather,CLEAR,INTENTIONAL,"[{'softwareQuality': 'MAINTAINABILITY', 'severity': 'HIGH'}]",OPEN,sermon-browser
AZu02sjLTfQp2-9q9XRW,javascript:S3504,CRITICAL,stephenfeather_sermon-browser:sb-includes/datePicker.js,stephenfeather_sermon-browser,114.0,c0c271f2e93cf3cf745522a5d80ed288,"{'startLine': 114, 'endLine': 114, 'startOffset': 8, 'endOffset': 22}",[],OPEN,"Unexpected var, use let or const instead.",5min,5min,mark@sharonandmark.net,"['bad-practice', 'es2015']",2008-06-20T21:03:41+0000,2026-01-13T00:56:07+0000,CODE_SMELL,stephenfeather,CLEAR,INTENTIONAL,"[{'softwareQuality': 'MAINTAINABILITY', 'severity': 'HIGH'}]",OPEN,sermon-browser
AZu02sjLTfQp2-9q9XRX,javascript:S3504,CRITICAL,stephenfeather_sermon-browser:sb-includes/datePicker.js,stephenfeather_sermon-browser,115.0,1ec6299d01ae0670d66d4dd4c8a9c6cf,"{'startLine': 115, 'endLine': 115, 'startOffset': 8, 'endOffset': 20}",[],OPEN,"Unexpected var, use let or const instead.",5min,5min,mark@sharonandmark.net,"['bad-practice', 'es2015']",2008-06-20T21:03:41+0000,2026-01-13T00:56:07+0000,CODE_SMELL,stephenfeather,CLEAR,INTENTIONAL,"[{'softwareQuality': 'MAINTAINABILITY', 'severity': 'HIGH'}]",OPEN,sermon-browser
AZu02sjLTfQp2-9q9XRY,javascript:S2703,BLOCKER,stephenfeather_sermon-browser:sb-includes/datePicker.js,stephenfeather_sermon-browser,116.0,e1942f37e959f7474478dee518d59ce6,"{'startLine': 116, 'endLine': 116, 'startOffset': 8, 'endOffset': 19}",[],OPEN,"Add the ""let"", ""const"" or ""var"" keyword to this declaration of ""nextLinkDiv"" to make it explicit.",2min,2min,mark@sharonandmark.net,['pitfall'],2008-06-20T21:03:41+0000,2026-01-13T00:56:07+0000,CODE_SMELL,stephenfeather,CLEAR,INTENTIONAL,"[{'softwareQuality': 'MAINTAINABILITY', 'severity': 'BLOCKER'}]",OPEN,sermon-browser
AZu02sjLTfQp2-9q9XRZ,javascript:S3504,CRITICAL,stephenfeather_sermon-browser:sb-includes/datePicker.js,stephenfeather_sermon-browser,120.0,e6b18f036805fdafa6e43adf99ec7fd9,"{'startLine': 120, 'endLine': 120, 'startOffset': 12, 'endOffset': 25}",[],OPEN,"Unexpected var, use let or const instead.",5min,5min,mark@sharonandmark.net,"['bad-practice', 'es2015']",2008-06-20T21:03:41+0000,2026-01-13T00:56:07+0000,CODE_SMELL,stephenfeather,CLEAR,INTENTIONAL,"[{'softwareQuality': 'MAINTAINABILITY', 'severity': 'HIGH'}]",OPEN,sermon-browser
AZu02sjLTfQp2-9q9XRa,javascript:S3504,CRITICAL,stephenfeather_sermon-browser:sb-includes/datePicker.js,stephenfeather_sermon-browser,121.0,42f0e30e89d4d54659a672c0839b4216,"{'startLine': 121, 'endLine': 121, 'startOffset': 12, 'endOffset': 24}",[],OPEN,"Unexpected var, use let or const instead.",5min,5min,mark@sharonandmark.net,"['bad-practice', 'es2015']",2008-06-20T21:03:41+0000,2026-01-13T00:56:07+0000,CODE_SMELL,stephenfeather,CLEAR,INTENTIONAL,"[{'softwareQuality': 'MAINTAINABILITY', 'severity': 'HIGH'}]",OPEN,sermon-browser
AZu02sjLTfQp2-9q9XRc,javascript:S3504,CRITICAL,stephenfeather_sermon-browser:sb-includes/datePicker.js,stephenfeather_sermon-browser,129.0,a8cb01370bb5abac5cbca706bc469ea0,"{'startLine': 129, 'endLine': 129, 'startOffset': 8, 'endOffset': 21}",[],OPEN,"Unexpected var, use let or const instead.",5min,5min,mark@sharonandmark.net,"['bad-practice', 'es2015']",2008-06-20T21:03:41+0000,2026-01-13T00:56:07+0000,CODE_SMELL,stephenfeather,CLEAR,INTENTIONAL,"[{'softwareQuality': 'MAINTAINABILITY', 'severity': 'HIGH'}]",OPEN,sermon-browser
AZu02sjLTfQp2-9q9XRe,javascript:S3504,CRITICAL,stephenfeather_sermon-browser:sb-includes/datePicker.js,stephenfeather_sermon-browser,138.0,9540ddd56636a741596eb564dab11132,"{'startLine': 138, 'endLine': 138, 'startOffset': 8, 'endOffset': 19}",[],OPEN,"Unexpected var, use let or const instead.",5min,5min,mark@sharonandmark.net,"['bad-practice', 'es2015']",2008-06-20T21:03:41+0000,2026-01-13T00:56:07+0000,CODE_SMELL,stephenfeather,CLEAR,INTENTIONAL,"[{'softwareQuality': 'MAINTAINABILITY', 'severity': 'HIGH'}]",OPEN,sermon-browser
AZu02sjLTfQp2-9q9XRf,javascript:S3504,CRITICAL,stephenfeather_sermon-browser:sb-includes/datePicker.js,stephenfeather_sermon-browser,139.0,d82afbe33cd759d7b819c27de67721f0,"{'startLine': 139, 'endLine': 139, 'startOffset': 13, 'endOffset': 18}",[],OPEN,"Unexpected var, use let or const instead.",5min,5min,mark@sharonandmark.net,"['bad-practice', 'es2015']",2008-06-20T21:03:41+0000,2026-01-13T00:56:07+0000,CODE_SMELL,stephenfeather,CLEAR,INTENTIONAL,"[{'softwareQuality': 'MAINTAINABILITY', 'severity': 'HIGH'}]",OPEN,sermon-browser
AZu02sjLTfQp2-9q9XRg,javascript:S2392,MAJOR,stephenfeather_sermon-browser:sb-includes/datePicker.js,stephenfeather_sermon-browser,139.0,d82afbe33cd759d7b819c27de67721f0,"{'startLine': 139, 'endLine': 139, 'startOffset': 17, 'endOffset': 18}","[{'locations': [{'component': 'stephenfeather_sermon-browser:sb-includes/datePicker.js', 'textRange': {'startLine': 159, 'endLine': 159, 'startOffset': 21, 'endOffset': 22}, 'msg': 'Outside reference.'}]}, {'locations': [{'component': 'stephenfeather_sermon-browser:sb-includes/datePicker.js', 'textRange': {'startLine': 159, 'endLine': 159, 'startOffset': 26, 'endOffset': 27}, 'msg': 'Outside reference.'}]}, {'locations': [{'component': 'stephenfeather_sermon-browser:sb-includes/datePicker.js', 'textRange': {'startLine': 159, 'endLine': 159, 'startOffset': 31, 'endOffset': 32}, 'msg': 'Outside reference.'}]}, {'locations': [{'component': 'stephenfeather_sermon-browser:sb-includes/datePicker.js', 'textRange': {'startLine': 160, 'endLine': 160, 'startOffset': 49, 'endOffset': 50}, 'msg': 'Outside reference.'}]}]",OPEN,Consider moving declaration of 'i' as it is referenced outside current binding context.,2min,2min,mark@sharonandmark.net,['pitfall'],2008-06-20T21:03:41+0000,2026-01-13T00:56:07+0000,CODE_SMELL,stephenfeather,CLEAR,INTENTIONAL,"[{'softwareQuality': 'MAINTAINABILITY', 'severity': 'MEDIUM'}]",OPEN,sermon-browser
AZu02sjLTfQp2-9q9XRh,javascript:S3504,CRITICAL,stephenfeather_sermon-browser:sb-includes/datePicker.js,stephenfeather_sermon-browser,140.0,0d826b4535eef35d13aa6a8ba8a94f09,"{'startLine': 140, 'endLine': 140, 'startOffset': 12, 'endOffset': 23}",[],OPEN,"Unexpected var, use let or const instead.",5min,5min,mark@sharonandmark.net,"['bad-practice', 'es2015']",2008-06-20T21:03:41+0000,2026-01-13T00:56:07+0000,CODE_SMELL,stephenfeather,CLEAR,INTENTIONAL,"[{'softwareQuality': 'MAINTAINABILITY', 'severity': 'HIGH'}]",OPEN,sermon-browser
AZu02sjLTfQp2-9q9XRi,javascript:S2392,MAJOR,stephenfeather_sermon-browser:sb-includes/datePicker.js,stephenfeather_sermon-browser,140.0,0d826b4535eef35d13aa6a8ba8a94f09,"{'startLine': 140, 'endLine': 140, 'startOffset': 16, 'endOffset': 23}","[{'locations': [{'component': 'stephenfeather_sermon-browser:sb-includes/datePicker.js', 'textRange': {'startLine': 160, 'endLine': 160, 'startOffset': 20, 'endOffset': 27}, 'msg': 'Outside reference.'}]}, {'locations': [{'component': 'stephenfeather_sermon-browser:sb-includes/datePicker.js', 'textRange': {'startLine': 161, 'endLine': 161, 'startOffset': 37, 'endOffset': 44}, 'msg': 'Outside reference.'}]}, {'locations': [{'component': 'stephenfeather_sermon-browser:sb-includes/datePicker.js', 'textRange': {'startLine': 161, 'endLine': 161, 'startOffset': 53, 'endOffset': 60}, 'msg': 'Outside reference.'}]}]",OPEN,Consider moving declaration of 'weekday' as it is referenced outside current binding context.,2min,2min,mark@sharonandmark.net,['pitfall'],2008-06-20T21:03:41+0000,2026-01-13T00:56:07+0000,CODE_SMELL,stephenfeather,CLEAR,INTENTIONAL,"[{'softwareQuality': 'MAINTAINABILITY', 'severity': 'MEDIUM'}]",OPEN,sermon-browser
AZu02sjLTfQp2-9q9XRj,javascript:S3504,CRITICAL,stephenfeather_sermon-browser:sb-includes/datePicker.js,stephenfeather_sermon-browser,141.0,c4f605ca8d78e44cb5757370d11646ed,"{'startLine': 141, 'endLine': 141, 'startOffset': 12, 'endOffset': 19}",[],OPEN,"Unexpected var, use let or const instead.",5min,5min,mark@sharonandmark.net,"['bad-practice', 'es2015']",2008-06-20T21:03:41+0000,2026-01-13T00:56:07+0000,CODE_SMELL,stephenfeather,CLEAR,INTENTIONAL,"[{'softwareQuality': 'MAINTAINABILITY', 'severity': 'HIGH'}]",OPEN,sermon-browser
AZu02sjLTfQp2-9q9XRk,javascript:S1874,MINOR,stephenfeather_sermon-browser:sb-includes/datePicker.js,stephenfeather_sermon-browser,143.0,387439f2fec04d07ea6d7f814905b843,"{'startLine': 143, 'endLine': 143, 'startOffset': 156, 'endOffset': 162}",[],OPEN,"The signature '(from: number, length?: number): string' of 'day.substr' is deprecated.",15min,15min,mark@sharonandmark.net,"['cwe', 'obsolete', 'type-dependent']",2008-06-20T21:03:41+0000,2026-01-13T00:56:07+0000,CODE_SMELL,stephenfeather,CONVENTIONAL,CONSISTENT,"[{'softwareQuality': 'MAINTAINABILITY', 'severity': 'LOW'}]",OPEN,sermon-browser
AZu02sjLTfQp2-9q9XRl,javascript:S3504,CRITICAL,stephenfeather_sermon-browser:sb-includes/datePicker.js,stephenfeather_sermon-browser,147.0,739272472503a9e7bd5017edb85c5f8b,"{'startLine': 147, 'endLine': 147, 'startOffset': 8, 'endOffset': 17}",[],OPEN,"Unexpected var, use let or const instead.",5min,5min,mark@sharonandmark.net,"['bad-practice', 'es2015']",2008-06-20T21:03:41+0000,2026-01-13T00:56:07+0000,CODE_SMELL,stephenfeather,CLEAR,INTENTIONAL,"[{'softwareQuality': 'MAINTAINABILITY', 'severity': 'HIGH'}]",OPEN,sermon-browser
AZu02sjLTfQp2-9q9XRm,javascript:S3504,CRITICAL,stephenfeather_sermon-browser:sb-includes/datePicker.js,stephenfeather_sermon-browser,149.0,c3b605b29df219f867f70da7c18ac422,"{'startLine': 149, 'endLine': 149, 'startOffset': 8, 'endOffset': 19}",[],OPEN,"Unexpected var, use let or const instead.",5min,5min,mark@sharonandmark.net,"['bad-practice', 'es2015']",2008-06-20T21:03:41+0000,2026-01-13T00:56:07+0000,CODE_SMELL,stephenfeather,CLEAR,INTENTIONAL,"[{'softwareQuality': 'MAINTAINABILITY', 'severity': 'HIGH'}]",OPEN,sermon-browser
AZu02sjLTfQp2-9q9XRn,javascript:S3504,CRITICAL,stephenfeather_sermon-browser:sb-includes/datePicker.js,stephenfeather_sermon-browser,150.0,3cc9f606ff0a199305d89d50f3404050,"{'startLine': 150, 'endLine': 150, 'startOffset': 8, 'endOffset': 18}",[],OPEN,"Unexpected var, use let or const instead.",5min,5min,mark@sharonandmark.net,"['bad-practice', 'es2015']",2008-06-20T21:03:41+0000,2026-01-13T00:56:07+0000,CODE_SMELL,stephenfeather,CLEAR,INTENTIONAL,"[{'softwareQuality': 'MAINTAINABILITY', 'severity': 'HIGH'}]",OPEN,sermon-browser
AZu02sjLTfQp2-9q9XRo,javascript:S3504,CRITICAL,stephenfeather_sermon-browser:sb-includes/datePicker.js,stephenfeather_sermon-browser,153.0,7509c5e394785f4768446e693a8b5d0d,"{'startLine': 153, 'endLine': 153, 'startOffset': 8, 'endOffset': 21}",[],OPEN,"Unexpected var, use let or const instead.",5min,5min,mark@sharonandmark.net,"['bad-practice', 'es2015']",2008-06-20T21:03:41+0000,2026-01-13T00:56:07+0000,CODE_SMELL,stephenfeather,CLEAR,INTENTIONAL,"[{'softwareQuality': 'MAINTAINABILITY', 'severity': 'HIGH'}]",OPEN,sermon-browser
AZu02sjLTfQp2-9q9XRp,javascript:S3504,CRITICAL,stephenfeather_sermon-browser:sb-includes/datePicker.js,stephenfeather_sermon-browser,154.0,564a18b9078fc57764c410955f1d1bc3,"{'startLine': 154, 'endLine': 154, 'startOffset': 8, 'endOffset': 21}",[],OPEN,"Unexpected var, use let or const instead.",5min,5min,mark@sharonandmark.net,"['bad-practice', 'es2015']",2008-06-20T21:03:41+0000,2026-01-13T00:56:07+0000,CODE_SMELL,stephenfeather,CLEAR,INTENTIONAL,"[{'softwareQuality': 'MAINTAINABILITY', 'severity': 'HIGH'}]",OPEN,sermon-browser
AZu02sjLTfQp2-9q9XRq,javascript:S3504,CRITICAL,stephenfeather_sermon-browser:sb-includes/datePicker.js,stephenfeather_sermon-browser,156.0,d56b6efae3a84bd8ba6a4d3bf3f1819c,"{'startLine': 156, 'endLine': 156, 'startOffset': 8, 'endOffset': 13}",[],OPEN,"Unexpected var, use let or const instead.",5min,5min,mark@sharonandmark.net,"['bad-practice', 'es2015']",2008-06-20T21:03:41+0000,2026-01-13T00:56:07+0000,CODE_SMELL,stephenfeather,CLEAR,INTENTIONAL,"[{'softwareQuality': 'MAINTAINABILITY', 'severity': 'HIGH'}]",OPEN,sermon-browser
AZu02sjLTfQp2-9q9XRr,javascript:S3504,CRITICAL,stephenfeather_sermon-browser:sb-includes/datePicker.js,stephenfeather_sermon-browser,158.0,3febee1c8ea67ffbb33915ce5ca6e277,"{'startLine': 158, 'endLine': 158, 'startOffset': 12, 'endOffset': 23}",[],OPEN,"Unexpected var, use let or const instead.",5min,5min,mark@sharonandmark.net,"['bad-practice', 'es2015']",2008-06-20T21:03:41+0000,2026-01-13T00:56:07+0000,CODE_SMELL,stephenfeather,CLEAR,INTENTIONAL,"[{'softwareQuality': 'MAINTAINABILITY', 'severity': 'HIGH'}]",OPEN,sermon-browser
AZu02sjLTfQp2-9q9XRs,javascript:S3504,CRITICAL,stephenfeather_sermon-browser:sb-includes/datePicker.js,stephenfeather_sermon-browser,159.0,a9beb9dfa5a62f214360c729832f276d,"{'startLine': 159, 'endLine': 159, 'startOffset': 17, 'endOffset': 22}",[],OPEN,"Unexpected var, use let or const instead.",5min,5min,mark@sharonandmark.net,"['bad-practice', 'es2015']",2008-06-20T21:03:41+0000,2026-01-13T00:56:07+0000,CODE_SMELL,stephenfeather,CLEAR,INTENTIONAL,"[{'softwareQuality': 'MAINTAINABILITY', 'severity': 'HIGH'}]",OPEN,sermon-browser
AZu02sjLTfQp2-9q9XRt,javascript:S2814,MAJOR,stephenfeather_sermon-browser:sb-includes/datePicker.js,stephenfeather_sermon-browser,159.0,a9beb9dfa5a62f214360c729832f276d,"{'startLine': 159, 'endLine': 159, 'startOffset': 21, 'endOffset': 22}",[],OPEN,'i' is already defined.,20min,20min,mark@sharonandmark.net,['confusing'],2008-06-20T21:03:41+0000,2026-01-13T00:56:07+0000,CODE_SMELL,stephenfeather,CLEAR,INTENTIONAL,"[{'softwareQuality': 'MAINTAINABILITY', 'severity': 'MEDIUM'}]",OPEN,sermon-browser
AZu02sjLTfQp2-9q9XRu,javascript:S3504,CRITICAL,stephenfeather_sermon-browser:sb-includes/datePicker.js,stephenfeather_sermon-browser,160.0,20cbf7f849cfc0e83e58c1e278ab0aad,"{'startLine': 160, 'endLine': 160, 'startOffset': 16, 'endOffset': 27}",[],OPEN,"Unexpected var, use let or const instead.",5min,5min,mark@sharonandmark.net,"['bad-practice', 'es2015']",2008-06-20T21:03:41+0000,2026-01-13T00:56:07+0000,CODE_SMELL,stephenfeather,CLEAR,INTENTIONAL,"[{'softwareQuality': 'MAINTAINABILITY', 'severity': 'HIGH'}]",OPEN,sermon-browser
AZu02sjLTfQp2-9q9XRv,javascript:S2814,MAJOR,stephenfeather_sermon-browser:sb-includes/datePicker.js,stephenfeather_sermon-browser,160.0,20cbf7f849cfc0e83e58c1e278ab0aad,"{'startLine': 160, 'endLine': 160, 'startOffset': 20, 'endOffset': 27}",[],OPEN,'weekday' is already defined.,20min,20min,mark@sharonandmark.net,['confusing'],2008-06-20T21:03:41+0000,2026-01-13T00:56:07+0000,CODE_SMELL,stephenfeather,CLEAR,INTENTIONAL,"[{'softwareQuality': 'MAINTAINABILITY', 'severity': 'MEDIUM'}]",OPEN,sermon-browser
AZu02sjLTfQp2-9q9XRw,javascript:S3504,CRITICAL,stephenfeather_sermon-browser:sb-includes/datePicker.js,stephenfeather_sermon-browser,161.0,f12825bdc9c13a5259ffb5e33da4f425,"{'startLine': 161, 'endLine': 161, 'startOffset': 16, 'endOffset': 24}",[],OPEN,"Unexpected var, use let or const instead.",5min,5min,mark@sharonandmark.net,"['bad-practice', 'es2015']",2008-06-20T21:03:41+0000,2026-01-13T00:56:07+0000,CODE_SMELL,stephenfeather,CLEAR,INTENTIONAL,"[{'softwareQuality': 'MAINTAINABILITY', 'severity': 'HIGH'}]",OPEN,sermon-browser
AZu02sjLTfQp2-9q9XRx,javascript:S2703,BLOCKER,stephenfeather_sermon-browser:sb-includes/datePicker.js,stephenfeather_sermon-browser,164.0,2caa309684c892178884f0cba0db7c5c,"{'startLine': 164, 'endLine': 164, 'startOffset': 20, 'endOffset': 26}",[],OPEN,"Add the ""let"", ""const"" or ""var"" keyword to this declaration of ""dayStr"" to make it explicit.",2min,2min,mark@sharonandmark.net,['pitfall'],2008-06-20T21:03:41+0000,2026-01-13T00:56:07+0000,CODE_SMELL,stephenfeather,CLEAR,INTENTIONAL,"[{'softwareQuality': 'MAINTAINABILITY', 'severity': 'BLOCKER'}]",OPEN,sermon-browser
AZu02sjLTfQp2-9q9XRy,javascript:S1871,MAJOR,stephenfeather_sermon-browser:sb-includes/datePicker.js,stephenfeather_sermon-browser,168.0,d0310c4bd25c366e65fe97d45c68209d,"{'startLine': 168, 'endLine': 171, 'startOffset': 62, 'endOffset': 17}","[{'locations': [{'component': 'stephenfeather_sermon-browser:sb-includes/datePicker.js', 'textRange': {'startLine': 165, 'endLine': 168, 'startOffset': 63, 'endOffset': 17}, 'msg': 'Original'}]}]",OPEN,This branch's code block is the same as the block for the branch on line 165.,10min,10min,mark@sharonandmark.net,"['design', 'suspicious']",2008-06-20T21:03:41+0000,2026-01-13T00:56:07+0000,CODE_SMELL,stephenfeather,DISTINCT,ADAPTABLE,"[{'softwareQuality': 'MAINTAINABILITY', 'severity': 'MEDIUM'}]",OPEN,sermon-browser
AZu02sjLTfQp2-9q9XRz,javascript:S3504,CRITICAL,stephenfeather_sermon-browser:sb-includes/datePicker.js,stephenfeather_sermon-browser,173.0,62090cf7609802ecf8e2fcaa3530be75,"{'startLine': 173, 'endLine': 173, 'startOffset': 20, 'endOffset': 28}",[],OPEN,"Unexpected var, use let or const instead.",5min,5min,mark@sharonandmark.net,"['bad-practice', 'es2015']",2008-06-20T21:03:41+0000,2026-01-13T00:56:07+0000,CODE_SMELL,stephenfeather,CLEAR,INTENTIONAL,"[{'softwareQuality': 'MAINTAINABILITY', 'severity': 'HIGH'}]",OPEN,sermon-browser
AZu02sjLTfQp2-9q9XR1,javascript:S3504,CRITICAL,stephenfeather_sermon-browser:sb-includes/datePicker.js,stephenfeather_sermon-browser,201.0,27a87670ecf432b4791378d4b465cf16,"{'startLine': 201, 'endLine': 201, 'startOffset': 12, 'endOffset': 22}",[],OPEN,"Unexpected var, use let or const instead.",5min,5min,mark@sharonandmark.net,"['bad-practice', 'es2015']",2008-06-20T21:03:41+0000,2026-01-13T00:56:07+0000,CODE_SMELL,stephenfeather,CLEAR,INTENTIONAL,"[{'softwareQuality': 'MAINTAINABILITY', 'severity': 'HIGH'}]",OPEN,sermon-browser
AZu02sjLTfQp2-9q9XR2,javascript:S3504,CRITICAL,stephenfeather_sermon-browser:sb-includes/datePicker.js,stephenfeather_sermon-browser,214.0,2e2cd5590a4bf0b7b771a9ab9fd7e24a,"{'startLine': 214, 'endLine': 214, 'startOffset': 4, 'endOffset': 13}",[],OPEN,"Unexpected var, use let or const instead.",5min,5min,mark@sharonandmark.net,"['bad-practice', 'es2015']",2008-06-20T21:03:41+0000,2026-01-13T00:56:07+0000,CODE_SMELL,stephenfeather,CLEAR,INTENTIONAL,"[{'softwareQuality': 'MAINTAINABILITY', 'severity': 'HIGH'}]",OPEN,sermon-browser
AZu02sjLTfQp2-9q9XR3,javascript:S3504,CRITICAL,stephenfeather_sermon-browser:sb-includes/datePicker.js,stephenfeather_sermon-browser,228.0,dece34058541d24c1f5f81a9e4cd04e3,"{'startLine': 228, 'endLine': 228, 'startOffset': 4, 'endOffset': 24}",[],OPEN,"Unexpected var, use let or const instead.",5min,5min,mark@sharonandmark.net,"['bad-practice', 'es2015']",2008-06-20T21:03:41+0000,2026-01-13T00:56:07+0000,CODE_SMELL,stephenfeather,CLEAR,INTENTIONAL,"[{'softwareQuality': 'MAINTAINABILITY', 'severity': 'HIGH'}]",OPEN,sermon-browser
AZu02sjLTfQp2-9q9XR4,javascript:S125,MAJOR,stephenfeather_sermon-browser:sb-includes/datePicker.js,stephenfeather_sermon-browser,234.0,523048e7f5ca9550505f2d8ea6d587e7,"{'startLine': 234, 'endLine': 240, 'startOffset': 8, 'endOffset': 10}",[],OPEN,Remove this commented out code.,5min,5min,mark@sharonandmark.net,['unused'],2008-06-20T21:03:41+0000,2026-01-13T00:56:07+0000,CODE_SMELL,stephenfeather,CLEAR,INTENTIONAL,"[{'softwareQuality': 'MAINTAINABILITY', 'severity': 'MEDIUM'}]",OPEN,sermon-browser
AZu02sjLTfQp2-9q9XR5,javascript:S3001,MINOR,stephenfeather_sermon-browser:sb-includes/datePicker.js,stephenfeather_sermon-browser,242.0,f894da4891e566c0358235d50e8fecb5,"{'startLine': 242, 'endLine': 242, 'startOffset': 8, 'endOffset': 23}",[],OPEN,"Remove this ""delete"" operator or pass an object property to it.",10min,10min,mark@sharonandmark.net,[],2008-06-20T21:03:41+0000,2026-01-13T00:56:07+0000,BUG,stephenfeather,CLEAR,INTENTIONAL,"[{'softwareQuality': 'RELIABILITY', 'severity': 'LOW'}]",OPEN,sermon-browser
AZu02sjLTfQp2-9q9XR6,javascript:S3504,CRITICAL,stephenfeather_sermon-browser:sb-includes/datePicker.js,stephenfeather_sermon-browser,245.0,24b11413d954f321dcdbc1f3e8c5beef,"{'startLine': 245, 'endLine': 245, 'startOffset': 4, 'endOffset': 19}",[],OPEN,"Unexpected var, use let or const instead.",5min,5min,mark@sharonandmark.net,"['bad-practice', 'es2015']",2008-06-20T21:03:41+0000,2026-01-13T00:56:07+0000,CODE_SMELL,stephenfeather,CLEAR,INTENTIONAL,"[{'softwareQuality': 'MAINTAINABILITY', 'severity': 'HIGH'}]",OPEN,sermon-browser
AZu02sjLTfQp2-9q9XR7,javascript:S1481,MINOR,stephenfeather_sermon-browser:sb-includes/datePicker.js,stephenfeather_sermon-browser,245.0,24b11413d954f321dcdbc1f3e8c5beef,"{'startLine': 245, 'endLine': 245, 'startOffset': 8, 'endOffset': 19}",[],OPEN,Remove the declaration of the unused '_handleKeys' variable.,5min,5min,mark@sharonandmark.net,['unused'],2008-06-20T21:03:41+0000,2026-01-13T00:56:07+0000,CODE_SMELL,stephenfeather,CLEAR,INTENTIONAL,"[{'softwareQuality': 'MAINTAINABILITY', 'severity': 'LOW'}]",OPEN,sermon-browser
AZu02sjLTfQp2-9q9XR8,javascript:S3504,CRITICAL,stephenfeather_sermon-browser:sb-includes/datePicker.js,stephenfeather_sermon-browser,247.0,3552c3652cd49d000d8173498fa2d7ca,"{'startLine': 247, 'endLine': 247, 'startOffset': 8, 'endOffset': 15}",[],OPEN,"Unexpected var, use let or const instead.",5min,5min,mark@sharonandmark.net,"['bad-practice', 'es2015']",2008-06-20T21:03:41+0000,2026-01-13T00:56:07+0000,CODE_SMELL,stephenfeather,CLEAR,INTENTIONAL,"[{'softwareQuality': 'MAINTAINABILITY', 'severity': 'HIGH'}]",OPEN,sermon-browser
AZu02sjLTfQp2-9q9XR9,javascript:S3358,MAJOR,stephenfeather_sermon-browser:sb-includes/datePicker.js,stephenfeather_sermon-browser,247.0,3552c3652cd49d000d8173498fa2d7ca,"{'startLine': 247, 'endLine': 247, 'startOffset': 43, 'endOffset': 63}",[],OPEN,Extract this nested ternary operation into an independent statement.,5min,5min,mark@sharonandmark.net,['confusing'],2008-06-20T21:03:41+0000,2026-01-13T00:56:07+0000,CODE_SMELL,stephenfeather,CLEAR,INTENTIONAL,"[{'softwareQuality': 'MAINTAINABILITY', 'severity': 'MEDIUM'}]",OPEN,sermon-browser
AZu02sjLTfQp2-9q9XR-,javascript:S125,MAJOR,stephenfeather_sermon-browser:sb-includes/datePicker.js,stephenfeather_sermon-browser,248.0,888157e47176f635302e0c5648ba5630,"{'startLine': 248, 'endLine': 248, 'startOffset': 8, 'endOffset': 38}",[],OPEN,Remove this commented out code.,5min,5min,mark@sharonandmark.net,['unused'],2008-06-20T21:03:41+0000,2026-01-13T00:56:07+0000,CODE_SMELL,stephenfeather,CLEAR,INTENTIONAL,"[{'softwareQuality': 'MAINTAINABILITY', 'severity': 'MEDIUM'}]",OPEN,sermon-browser
AZu02sjLTfQp2-9q9XR_,javascript:S3504,CRITICAL,stephenfeather_sermon-browser:sb-includes/datePicker.js,stephenfeather_sermon-browser,254.0,bb0b549f5123b27ed08bb46bbee537db,"{'startLine': 254, 'endLine': 254, 'startOffset': 4, 'endOffset': 19}",[],OPEN,"Unexpected var, use let or const instead.",5min,5min,mark@sharonandmark.net,"['bad-practice', 'es2015']",2008-06-20T21:03:41+0000,2026-01-13T00:56:07+0000,CODE_SMELL,stephenfeather,CLEAR,INTENTIONAL,"[{'softwareQuality': 'MAINTAINABILITY', 'severity': 'HIGH'}]",OPEN,sermon-browser
AZu02sjLTfQp2-9q9XSA,javascript:S3504,CRITICAL,stephenfeather_sermon-browser:sb-includes/datePicker.js,stephenfeather_sermon-browser,257.0,bf030af897326c5a996afb10c9d09277,"{'startLine': 257, 'endLine': 257, 'startOffset': 12, 'endOffset': 22}",[],OPEN,"Unexpected var, use let or const instead.",5min,5min,mark@sharonandmark.net,"['bad-practice', 'es2015']",2008-06-20T21:03:41+0000,2026-01-13T00:56:07+0000,CODE_SMELL,stephenfeather,CLEAR,INTENTIONAL,"[{'softwareQuality': 'MAINTAINABILITY', 'severity': 'HIGH'}]",OPEN,sermon-browser
AZu02sjLTfQp2-9q9XSB,javascript:S1874,MINOR,stephenfeather_sermon-browser:sb-includes/datePicker.js,stephenfeather_sermon-browser,257.0,bf030af897326c5a996afb10c9d09277,"{'startLine': 257, 'endLine': 257, 'startOffset': 54, 'endOffset': 59}",[],OPEN,'event' is deprecated.,15min,15min,mark@sharonandmark.net,"['cwe', 'obsolete', 'type-dependent']",2008-06-20T21:03:41+0000,2026-01-13T00:56:07+0000,CODE_SMELL,stephenfeather,CONVENTIONAL,CONSISTENT,"[{'softwareQuality': 'MAINTAINABILITY', 'severity': 'LOW'}]",OPEN,sermon-browser
AZu02sjLTfQp2-9q9XSC,javascript:S1874,MINOR,stephenfeather_sermon-browser:sb-includes/datePicker.js,stephenfeather_sermon-browser,257.0,bf030af897326c5a996afb10c9d09277,"{'startLine': 257, 'endLine': 257, 'startOffset': 60, 'endOffset': 70}",[],OPEN,'srcElement' is deprecated.,15min,15min,mark@sharonandmark.net,"['cwe', 'obsolete', 'type-dependent']",2008-06-20T21:03:41+0000,2026-01-13T00:56:07+0000,CODE_SMELL,stephenfeather,CONVENTIONAL,CONSISTENT,"[{'softwareQuality': 'MAINTAINABILITY', 'severity': 'LOW'}]",OPEN,sermon-browser
AZu02sjLTfQp2-9q9XSD,javascript:S125,MAJOR,stephenfeather_sermon-browser:sb-includes/datePicker.js,stephenfeather_sermon-browser,258.0,57f556b231e1b2ddc40ccc0aa902b3c3,"{'startLine': 258, 'endLine': 258, 'startOffset': 12, 'endOffset': 42}",[],OPEN,Remove this commented out code.,5min,5min,mark@sharonandmark.net,['unused'],2008-06-20T21:03:41+0000,2026-01-13T00:56:07+0000,CODE_SMELL,stephenfeather,CLEAR,INTENTIONAL,"[{'softwareQuality': 'MAINTAINABILITY', 'severity': 'MEDIUM'}]",OPEN,sermon-browser
AZu02sjLTfQp2-9q9XSE,javascript:S3504,CRITICAL,stephenfeather_sermon-browser:sb-includes/datePicker.js,stephenfeather_sermon-browser,259.0,c4f1345d7fc96510a46540cb50842f91,"{'startLine': 259, 'endLine': 259, 'startOffset': 12, 'endOffset': 18}",[],OPEN,"Unexpected var, use let or const instead.",5min,5min,mark@sharonandmark.net,"['bad-practice', 'es2015']",2008-06-20T21:03:41+0000,2026-01-13T00:56:07+0000,CODE_SMELL,stephenfeather,CLEAR,INTENTIONAL,"[{'softwareQuality': 'MAINTAINABILITY', 'severity': 'HIGH'}]",OPEN,sermon-browser
AZu02sjLTfQp2-9q9XSF,javascript:S3504,CRITICAL,stephenfeather_sermon-browser:sb-includes/datePicker.js,stephenfeather_sermon-browser,277.0,4c375e06359cee22bbd14e4fe0b24a72,"{'startLine': 277, 'endLine': 277, 'startOffset': 12, 'endOffset': 21}",[],OPEN,"Unexpected var, use let or const instead.",5min,5min,mark@sharonandmark.net,"['bad-practice', 'es2015']",2008-06-20T21:03:41+0000,2026-01-13T00:56:07+0000,CODE_SMELL,stephenfeather,CLEAR,INTENTIONAL,"[{'softwareQuality': 'MAINTAINABILITY', 'severity': 'HIGH'}]",OPEN,sermon-browser
AZu02sjLTfQp2-9q9XSG,javascript:S3504,CRITICAL,stephenfeather_sermon-browser:sb-includes/datePicker.js,stephenfeather_sermon-browser,284.0,0d5bebd076271b7acfc687e84fd9ece0,"{'startLine': 284, 'endLine': 284, 'startOffset': 12, 'endOffset': 17}",[],OPEN,"Unexpected var, use let or const instead.",5min,5min,mark@sharonandmark.net,"['bad-practice', 'es2015']",2008-06-20T21:03:41+0000,2026-01-13T00:56:07+0000,CODE_SMELL,stephenfeather,CLEAR,INTENTIONAL,"[{'softwareQuality': 'MAINTAINABILITY', 'severity': 'HIGH'}]",OPEN,sermon-browser
AZu02sjLTfQp2-9q9XSH,javascript:S7735,MINOR,stephenfeather_sermon-browser:sb-includes/datePicker.js,stephenfeather_sermon-browser,285.0,9af3b5dd7504363c11e2a2ce871d5220,"{'startLine': 285, 'endLine': 285, 'startOffset': 16, 'endOffset': 23}",[],OPEN,Unexpected negated condition.,2min,2min,mark@sharonandmark.net,['readability'],2008-06-20T21:03:41+0000,2026-01-13T00:56:07+0000,CODE_SMELL,stephenfeather,CLEAR,INTENTIONAL,"[{'softwareQuality': 'MAINTAINABILITY', 'severity': 'LOW'}]",OPEN,sermon-browser
AZu02sjLTfQp2-9q9XSI,javascript:S125,MAJOR,stephenfeather_sermon-browser:sb-includes/datePicker.js,stephenfeather_sermon-browser,298.0,523048e7f5ca9550505f2d8ea6d587e7,"{'startLine': 298, 'endLine': 304, 'startOffset': 12, 'endOffset': 14}",[],OPEN,Remove this commented out code.,5min,5min,mark@sharonandmark.net,['unused'],2008-06-20T21:03:41+0000,2026-01-13T00:56:07+0000,CODE_SMELL,stephenfeather,CLEAR,INTENTIONAL,"[{'softwareQuality': 'MAINTAINABILITY', 'severity': 'MEDIUM'}]",OPEN,sermon-browser
AZu02sjLTfQp2-9q9XSJ,javascript:S2703,BLOCKER,stephenfeather_sermon-browser:sb-includes/datePicker.js,stephenfeather_sermon-browser,315.0,0243c45b467d4733220ea152e13c5cd7,"{'startLine': 315, 'endLine': 315, 'startOffset': 12, 'endOffset': 24}",[],OPEN,"Add the ""let"", ""const"" or ""var"" keyword to this declaration of ""selectedDate"" to make it explicit.",2min,2min,mark@sharonandmark.net,['pitfall'],2008-06-20T21:03:41+0000,2026-01-13T00:56:07+0000,CODE_SMELL,stephenfeather,CLEAR,INTENTIONAL,"[{'softwareQuality': 'MAINTAINABILITY', 'severity': 'BLOCKER'}]",OPEN,sermon-browser
AZu02sjLTfQp2-9q9XSK,javascript:S3504,CRITICAL,stephenfeather_sermon-browser:sb-includes/datePicker.js,stephenfeather_sermon-browser,316.0,67aa0e2e7ab7a24641043d900327f6a9,"{'startLine': 316, 'endLine': 316, 'startOffset': 12, 'endOffset': 25}",[],OPEN,"Unexpected var, use let or const instead.",5min,5min,mark@sharonandmark.net,"['bad-practice', 'es2015']",2008-06-20T21:03:41+0000,2026-01-13T00:56:07+0000,CODE_SMELL,stephenfeather,CLEAR,INTENTIONAL,"[{'softwareQuality': 'MAINTAINABILITY', 'severity': 'HIGH'}]",OPEN,sermon-browser
AZu02sjLTfQp2-9q9XSL,javascript:S930,CRITICAL,stephenfeather_sermon-browser:sb-includes/datePicker.js,stephenfeather_sermon-browser,319.0,b20106067bcc1dfd62b809d92f7ca1b7,"{'startLine': 319, 'endLine': 319, 'startOffset': 12, 'endOffset': 28}","[{'locations': [{'component': 'stephenfeather_sermon-browser:sb-includes/datePicker.js', 'textRange': {'startLine': 228, 'endLine': 228, 'startOffset': 27, 'endOffset': 35}, 'msg': 'Formal parameters'}]}, {'locations': [{'component': 'stephenfeather_sermon-browser:sb-includes/datePicker.js', 'textRange': {'startLine': 319, 'endLine': 319, 'startOffset': 29, 'endOffset': 32}, 'msg': 'Extra argument'}]}]",OPEN,"This function expects no arguments, but 1 was provided.",10min,10min,mark@sharonandmark.net,['cwe'],2008-06-20T21:03:41+0000,2026-01-13T00:56:07+0000,BUG,stephenfeather,LOGICAL,INTENTIONAL,"[{'softwareQuality': 'RELIABILITY', 'severity': 'HIGH'}]",OPEN,sermon-browser
AZu02sjLTfQp2-9q9XSM,javascript:S930,CRITICAL,stephenfeather_sermon-browser:sb-includes/datePicker.js,stephenfeather_sermon-browser,323.0,4204768cf7756ac4adba86800c57770a,"{'startLine': 323, 'endLine': 323, 'startOffset': 12, 'endOffset': 28}","[{'locations': [{'component': 'stephenfeather_sermon-browser:sb-includes/datePicker.js', 'textRange': {'startLine': 228, 'endLine': 228, 'startOffset': 27, 'endOffset': 35}, 'msg': 'Formal parameters'}]}, {'locations': [{'component': 'stephenfeather_sermon-browser:sb-includes/datePicker.js', 'textRange': {'startLine': 323, 'endLine': 323, 'startOffset': 29, 'endOffset': 33}, 'msg': 'Extra argument'}]}]",OPEN,"This function expects no arguments, but 1 was provided.",10min,10min,mark@sharonandmark.net,['cwe'],2008-06-20T21:03:41+0000,2026-01-13T00:56:07+0000,BUG,stephenfeather,LOGICAL,INTENTIONAL,"[{'softwareQuality': 'RELIABILITY', 'severity': 'HIGH'}]",OPEN,sermon-browser
AZu02sjLTfQp2-9q9XSN,javascript:S6644,MINOR,stephenfeather_sermon-browser:sb-includes/datePicker.js,stephenfeather_sermon-browser,338.0,9941082d7b6799f9fb2bd1b230ed3c0c,"{'startLine': 338, 'endLine': 338, 'startOffset': 28, 'endOffset': 51}",[],OPEN,Unnecessary use of conditional expression for default assignment.,5min,5min,mark@sharonandmark.net,[],2008-06-20T21:03:41+0000,2026-01-13T00:56:07+0000,CODE_SMELL,stephenfeather,CLEAR,INTENTIONAL,"[{'softwareQuality': 'MAINTAINABILITY', 'severity': 'LOW'}]",OPEN,sermon-browser
AZu02sjLTfQp2-9q9XSO,javascript:S3800,MAJOR,stephenfeather_sermon-browser:sb-includes/datePicker.js,stephenfeather_sermon-browser,386.0,c11eb9eea467d7aa7d4f9c028ddf5f74,"{'startLine': 386, 'endLine': 386, 'startOffset': 30, 'endOffset': 38}","[{'locations': [{'component': 'stephenfeather_sermon-browser:sb-includes/datePicker.js', 'textRange': {'startLine': 391, 'endLine': 391, 'startOffset': 12, 'endOffset': 25}, 'msg': 'Returns object'}]}, {'locations': [{'component': 'stephenfeather_sermon-browser:sb-includes/datePicker.js', 'textRange': {'startLine': 395, 'endLine': 395, 'startOffset': 12, 'endOffset': 25}, 'msg': 'Returns boolean'}]}]",OPEN,Refactor this function to always return the same type.,20min,20min,mark@sharonandmark.net,"['confusing', 'type-dependent']",2008-06-20T21:03:41+0000,2026-01-13T00:56:07+0000,CODE_SMELL,stephenfeather,CLEAR,INTENTIONAL,"[{'softwareQuality': 'MAINTAINABILITY', 'severity': 'MEDIUM'}]",OPEN,sermon-browser
AZu02sjLTfQp2-9q9XSP,javascript:S3504,CRITICAL,stephenfeather_sermon-browser:sb-includes/datePicker.js,stephenfeather_sermon-browser,388.0,e4d611062f215bd9dfc1823099e85384,"{'startLine': 388, 'endLine': 388, 'startOffset': 4, 'endOffset': 11}",[],OPEN,"Unexpected var, use let or const instead.",5min,5min,mark@sharonandmark.net,"['bad-practice', 'es2015']",2008-06-20T21:03:41+0000,2026-01-13T00:56:07+0000,CODE_SMELL,stephenfeather,CLEAR,INTENTIONAL,"[{'softwareQuality': 'MAINTAINABILITY', 'severity': 'HIGH'}]",OPEN,sermon-browser
AZu02sjLTfQp2-9q9XSQ,javascript:S7740,MAJOR,stephenfeather_sermon-browser:sb-includes/datePicker.js,stephenfeather_sermon-browser,388.0,e4d611062f215bd9dfc1823099e85384,"{'startLine': 388, 'endLine': 388, 'startOffset': 8, 'endOffset': 18}",[],OPEN,Do not assign `this` to `ele`.,5min,5min,mark@sharonandmark.net,"['confusing', 'obsolete']",2008-06-20T21:03:41+0000,2026-01-13T00:56:07+0000,CODE_SMELL,stephenfeather,CLEAR,INTENTIONAL,"[{'softwareQuality': 'MAINTAINABILITY', 'severity': 'HIGH'}]",OPEN,sermon-browser
AZu02sjLTfQp2-9q9XSR,javascript:S3504,CRITICAL,stephenfeather_sermon-browser:sb-includes/datePicker.js,stephenfeather_sermon-browser,405.0,9f08422d6e0fc19e6f12da7a355d37c7,"{'startLine': 405, 'endLine': 405, 'startOffset': 12, 'endOffset': 26}",[],OPEN,"Unexpected var, use let or const instead.",5min,5min,mark@sharonandmark.net,"['bad-practice', 'es2015']",2008-06-20T21:03:41+0000,2026-01-13T00:56:07+0000,CODE_SMELL,stephenfeather,CLEAR,INTENTIONAL,"[{'softwareQuality': 'MAINTAINABILITY', 'severity': 'HIGH'}]",OPEN,sermon-browser
AZu02sjLTfQp2-9q9XSS,javascript:S3504,CRITICAL,stephenfeather_sermon-browser:sb-includes/datePicker.js,stephenfeather_sermon-browser,406.0,2ce5fac83b7582e5810b6936f55ee4ec,"{'startLine': 406, 'endLine': 406, 'startOffset': 12, 'endOffset': 22}",[],OPEN,"Unexpected var, use let or const instead.",5min,5min,mark@sharonandmark.net,"['bad-practice', 'es2015']",2008-06-20T21:03:41+0000,2026-01-13T00:56:07+0000,CODE_SMELL,stephenfeather,CLEAR,INTENTIONAL,"[{'softwareQuality': 'MAINTAINABILITY', 'severity': 'HIGH'}]",OPEN,sermon-browser
AZu02sjLTfQp2-9q9XST,javascript:S6582,MAJOR,stephenfeather_sermon-browser:sb-includes/datePicker.js,stephenfeather_sermon-browser,407.0,047d86fa267ee1a0a85765e86b1ae3bc,"{'startLine': 407, 'endLine': 407, 'startOffset': 15, 'endOffset': 32}",[],OPEN,"Prefer using an optional chain expression instead, as it's more concise and easier to read.",5min,5min,mark@sharonandmark.net,[],2008-06-20T21:03:41+0000,2026-01-13T00:56:07+0000,CODE_SMELL,stephenfeather,CLEAR,INTENTIONAL,"[{'softwareQuality': 'MAINTAINABILITY', 'severity': 'MEDIUM'}]",OPEN,sermon-browser
